person_org_id,person_id,organization_id,role,start_date,end_date
PO00001,P0001,O0012,CONTRACTOR,2025-01-01,
PO00002,P0002,O0018,CONTRACTOR,2022-01-01,
PO00003,P0003,O0008,OWNER,2025-01-01,
PO00004,P0004,O0023,CONTACT,2021-01-01,
PO00005,P0005,O0033,OWNER,2024-01-01,
PO00006,P0006,O0033,EMPLOYEE,2023-01-01,
PO00007,P0007,O0006,EMPLOYEE,2022-01-01,
PO00008,P0008,O0005,CONTACT,2025-01-01,
PO00009,P0009,O0025,CONTRACTOR,2024-01-01,
PO00010,P0010,O0040,OWNER,2023-01-01,
PO00011,P0011,O0035,CONTACT,2022-01-01,
PO00012,P0012,O0032,OWNER,2024-01-01,
PO00013,P0013,O0031,OWNER,2024-01-01,
PO00014,P0014,O0036,OWNER,2022-01-01,
PO00015,P0015,O0040,CONTACT,2023-01-01,
PO00016,P0016,O0001,EMPLOYEE,2025-01-01,
PO00017,P0017,O0020,CONTACT,2023-01-01,
PO00018,P0018,O0012,EMPLOYEE,2023-01-01,
PO00019,P0019,O0012,OWNER,2021-01-01,
PO00020,P0020,O0013,CONTRACTOR,2023-01-01,
PO00021,P0021,O0014,CONTRACTOR,2024-01-01,
PO00022,P0022,O0026,CONTACT,2025-01-01,
PO00023,P0023,O0007,EMPLOYEE,2021-01-01,
PO00024,P0024,O0039,OWNER,2022-01-01,
PO00025,P0025,O0027,CONTRACTOR,2022-01-01,
PO00026,P0026,O0029,OWNER,2023-01-01,
PO00027,P0027,O0020,OWNER,2022-01-01,
PO00028,P0028,O0016,OWNER,2021-01-01,
PO00029,P0029,O0005,CONTRACTOR,2021-01-01,
PO00030,P0030,O0038,EMPLOYEE,2022-01-01,
PO00031,P0031,O0037,CONTACT,2025-01-01,
PO00032,P0032,O0032,CONTACT,2025-01-01,
PO00033,P0033,O0014,CONTRACTOR,2025-01-01,
PO00034,P0034,O0028,CONTACT,2021-01-01,
PO00035,P0035,O0034,CONTRACTOR,2023-01-01,
PO00036,P0036,O0034,OWNER,2023-01-01,
PO00037,P0037,O0023,CONTRACTOR,2023-01-01,
PO00038,P0038,O0009,OWNER,2022-01-01,
PO00039,P0039,O0006,CONTACT,2025-01-01,
PO00040,P0040,O0005,EMPLOYEE,2025-01-01,
PO00041,P0041,O0036,CONTRACTOR,2021-01-01,
PO00042,P0042,O0033,OWNER,2024-01-01,
PO00043,P0043,O0039,CONTRACTOR,2023-01-01,
PO00044,P0044,O0023,OWNER,2021-01-01,
PO00045,P0045,O0003,CONTACT,2023-01-01,
PO00046,P0046,O0006,OWNER,2025-01-01,
PO00047,P0047,O0025,CONTACT,2022-01-01,
PO00048,P0048,O0011,EMPLOYEE,2021-01-01,
PO00049,P0049,O0017,OWNER,2023-01-01,
PO00050,P0050,O0012,CONTACT,2024-01-01,
PO00051,P0051,O0003,CONTACT,2021-01-01,
PO00052,P0052,O0025,CONTRACTOR,2023-01-01,
PO00053,P0053,O0028,CONTRACTOR,2022-01-01,
PO00054,P0054,O0025,OWNER,2024-01-01,
PO00055,P0055,O0014,OWNER,2024-01-01,
PO00056,P0056,O0023,CONTRACTOR,2025-01-01,
PO00057,P0057,O0028,EMPLOYEE,2025-01-01,
PO00058,P0058,O0012,EMPLOYEE,2025-01-01,
PO00059,P0059,O0010,EMPLOYEE,2023-01-01,
PO00060,P0060,O0013,CONTACT,2021-01-01,
PO00061,P0061,O0002,EMPLOYEE,2023-01-01,
PO00062,P0062,O0028,EMPLOYEE,2023-01-01,
PO00063,P0063,O0039,OWNER,2021-01-01,
PO00064,P0064,O0031,CONTACT,2021-01-01,
PO00065,P0065,O0001,CONTACT,2021-01-01,
PO00066,P0066,O0015,CONTRACTOR,2025-01-01,
PO00067,P0067,O0004,CONTRACTOR,2022-01-01,
PO00068,P0068,O0011,EMPLOYEE,2024-01-01,
PO00069,P0069,O0028,CONTACT,2024-01-01,
PO00070,P0070,O0030,OWNER,2023-01-01,
PO00071,P0071,O0004,OWNER,2025-01-01,
PO00072,P0072,O0008,CONTACT,2022-01-01,
PO00073,P0073,O0021,OWNER,2021-01-01,
PO00074,P0074,O0021,CONTRACTOR,2021-01-01,
PO00075,P0075,O0029,EMPLOYEE,2022-01-01,
PO00076,P0076,O0021,EMPLOYEE,2024-01-01,
PO00077,P0077,O0034,EMPLOYEE,2024-01-01,
PO00078,P0078,O0021,EMPLOYEE,2025-01-01,
PO00079,P0079,O0033,CONTRACTOR,2023-01-01,
PO00080,P0080,O0032,CONTACT,2023-01-01,
PO00081,P0081,O0024,EMPLOYEE,2022-01-01,
PO00082,P0082,O0002,EMPLOYEE,2022-01-01,
PO00083,P0083,O0015,EMPLOYEE,2021-01-01,
PO00084,P0084,O0026,CONTACT,2021-01-01,
PO00085,P0085,O0031,EMPLOYEE,2023-01-01,
PO00086,P0086,O0018,CONTACT,2022-01-01,
PO00087,P0087,O0019,OWNER,2025-01-01,
PO00088,P0088,O0025,CONTRACTOR,2021-01-01,
PO00089,P0089,O0033,CONTRACTOR,2021-01-01,
PO00090,P0090,O0028,OWNER,2021-01-01,
PO00091,P0091,O0012,OWNER,2022-01-01,
PO00092,P0092,O0002,CONTRACTOR,2021-01-01,
PO00093,P0093,O0023,EMPLOYEE,2024-01-01,
PO00094,P0094,O0023,EMPLOYEE,2024-01-01,
PO00095,P0095,O0001,CONTRACTOR,2021-01-01,
PO00096,P0096,O0004,CONTRACTOR,2023-01-01,
PO00097,P0097,O0026,CONTACT,2022-01-01,
PO00098,P0098,O0004,EMPLOYEE,2022-01-01,
PO00099,P0099,O0026,OWNER,2024-01-01,
PO00100,P0100,O0014,OWNER,2022-01-01,
PO00101,P0101,O0038,EMPLOYEE,2025-01-01,
PO00102,P0102,O0033,CONTRACTOR,2023-01-01,
PO00103,P0103,O0002,CONTACT,2022-01-01,
PO00104,P0104,O0030,CONTRACTOR,2021-01-01,
PO00105,P0105,O0031,EMPLOYEE,2023-01-01,
PO00106,P0106,O0006,OWNER,2025-01-01,
PO00107,P0107,O0017,OWNER,2022-01-01,
PO00108,P0108,O0004,CONTACT,2023-01-01,
PO00109,P0109,O0032,CONTRACTOR,2022-01-01,
PO00110,P0110,O0021,OWNER,2025-01-01,
PO00111,P0111,O0001,OWNER,2024-01-01,
PO00112,P0112,O0013,EMPLOYEE,2022-01-01,
PO00113,P0113,O0029,CONTACT,2023-01-01,
PO00114,P0114,O0035,CONTACT,2022-01-01,
PO00115,P0115,O0030,CONTRACTOR,2021-01-01,
PO00116,P0116,O0034,EMPLOYEE,2023-01-01,
PO00117,P0117,O0026,OWNER,2022-01-01,
PO00118,P0118,O0013,CONTACT,2025-01-01,
PO00119,P0119,O0036,OWNER,2023-01-01,
PO00120,P0120,O0033,EMPLOYEE,2023-01-01,
PO00121,P0121,O0024,CONTACT,2025-01-01,
PO00122,P0122,O0040,CONTACT,2022-01-01,
PO00123,P0123,O0024,CONTRACTOR,2022-01-01,
PO00124,P0124,O0017,EMPLOYEE,2023-01-01,
PO00125,P0125,O0002,EMPLOYEE,2022-01-01,
PO00126,P0126,O0022,EMPLOYEE,2025-01-01,
PO00127,P0127,O0032,CONTACT,2022-01-01,
PO00128,P0128,O0017,CONTACT,2021-01-01,
PO00129,P0129,O0032,OWNER,2021-01-01,
PO00130,P0130,O0017,EMPLOYEE,2025-01-01,
PO00131,P0131,O0018,EMPLOYEE,2023-01-01,
PO00132,P0132,O0032,OWNER,2021-01-01,
PO00133,P0133,O0004,EMPLOYEE,2021-01-01,
PO00134,P0134,O0025,CONTACT,2024-01-01,
PO00135,P0135,O0018,CONTACT,2023-01-01,
PO00136,P0136,O0012,OWNER,2023-01-01,
PO00137,P0137,O0021,CONTRACTOR,2024-01-01,
PO00138,P0138,O0024,EMPLOYEE,2022-01-01,
PO00139,P0139,O0039,OWNER,2025-01-01,
PO00140,P0140,O0035,CONTACT,2024-01-01,
PO00141,P0141,O0016,CONTACT,2023-01-01,
PO00142,P0142,O0005,CONTRACTOR,2024-01-01,
PO00143,P0143,O0016,OWNER,2024-01-01,
PO00144,P0144,O0024,EMPLOYEE,2021-01-01,
PO00145,P0145,O0001,OWNER,2022-01-01,
PO00146,P0146,O0007,EMPLOYEE,2022-01-01,
PO00147,P0147,O0034,EMPLOYEE,2024-01-01,
PO00148,P0148,O0003,CONTACT,2023-01-01,
PO00149,P0149,O0002,CONTACT,2021-01-01,
PO00150,P0150,O0016,EMPLOYEE,2022-01-01,
PO00151,P0151,O0036,EMPLOYEE,2021-01-01,
PO00152,P0152,O0028,CONTACT,2024-01-01,
PO00153,P0153,O0040,CONTACT,2024-01-01,
PO00154,P0154,O0011,EMPLOYEE,2022-01-01,
PO00155,P0155,O0001,CONTACT,2022-01-01,
PO00156,P0156,O0028,EMPLOYEE,2022-01-01,
PO00157,P0157,O0031,EMPLOYEE,2022-01-01,
PO00158,P0158,O0003,CONTACT,2025-01-01,
PO00159,P0159,O0023,EMPLOYEE,2021-01-01,
PO00160,P0160,O0001,CONTACT,2021-01-01,
PO00161,P0161,O0027,CONTRACTOR,2023-01-01,
PO00162,P0162,O0019,CONTACT,2023-01-01,
PO00163,P0163,O0017,CONTRACTOR,2021-01-01,
PO00164,P0164,O0024,OWNER,2023-01-01,
PO00165,P0165,O0026,EMPLOYEE,2021-01-01,
PO00166,P0166,O0036,CONTRACTOR,2025-01-01,
PO00167,P0167,O0029,CONTRACTOR,2022-01-01,
PO00168,P0168,O0016,CONTACT,2025-01-01,
PO00169,P0169,O0020,CONTACT,2024-01-01,
PO00170,P0170,O0031,OWNER,2021-01-01,
PO00171,P0171,O0001,OWNER,2022-01-01,
PO00172,P0172,O0032,CONTACT,2023-01-01,
PO00173,P0173,O0002,CONTACT,2025-01-01,
PO00174,P0174,O0003,OWNER,2023-01-01,
PO00175,P0175,O0022,OWNER,2022-01-01,
PO00176,P0176,O0009,OWNER,2021-01-01,
PO00177,P0177,O0011,CONTRACTOR,2023-01-01,
PO00178,P0178,O0034,CONTACT,2025-01-01,
PO00179,P0179,O0010,CONTACT,2021-01-01,
PO00180,P0180,O0016,EMPLOYEE,2022-01-01,
