cluster_id,canonical_person_id,record_id,surface_name,same_person,distinguishing_evidence
CL_PERSON_00001_0,PERSON_00001,PERSON_00001,Vikas Sahu,same_person,
CL_PERSON_00002_0,PERSON_00002,PERSON_00002,Mahesh Mehta,same_person,
CL_PERSON_00003_0,PERSON_00003,PERSON_00003,Anup Dutta,same_person,
CL_PERSON_00004_0,PERSON_00004,PERSON_00004,Pooja Parmar,same_person,
CL_PERSON_00005_0,PERSON_00005,PERSON_00005,Arindam Sen,same_person,
CL_PERSON_00006_0,PERSON_00006,PERSON_00006,Sunil Sharma,same_person,
CL_PERSON_00007_0,PERSON_00007,PERSON_00007,Meera Kurian,same_person,
CL_PERSON_00008_0,PERSON_00008,PERSON_00008,Meera Mathew,same_person,
CL_PERSON_00009_0,PERSON_00009,PERSON_00009,Nitin Pawar,same_person,
CL_PERSON_00010_0,PERSON_00010,PERSON_00010,Harish Varma,same_person,
CL_PERSON_00011_0,PERSON_00011,PERSON_00011,Rajesh Iyer,same_person,
CL_PERSON_00012_0,PERSON_00012,PERSON_00012,Manjunath Naik,same_person,
CL_PERSON_00013_0,PERSON_00013,PERSON_00013,Pooja Patel,same_person,
CL_PERSON_00014_0,PERSON_00014,PERSON_00014,Harish Rao,same_person,
CL_PERSON_00015_0,PERSON_00015,PERSON_00015,Ramesh Babu,same_person,
CL_PERSON_00016_0,PERSON_00016,PERSON_00016,Vikas Mishra,same_person,
CL_PERSON_00017_0,PERSON_00017,PERSON_00017,Rakesh Singh,same_person,
CL_PERSON_00018_0,PERSON_00018,PERSON_00018,Amit Banerjee,same_person,
CL_PERSON_00019_0,PERSON_00019,PERSON_00019,Dinesh Kumar,same_person,
CL_PERSON_00020_0,PERSON_00020,PERSON_00020,Mahesh Shah,same_person,
CL_PERSON_00021_0,PERSON_00021,PERSON_00021,Amit Verma,same_person,
CL_PERSON_00022_0,PERSON_00022,PERSON_00022,Amit Jha,same_person,
CL_PERSON_00023_0,PERSON_00023,PERSON_00023,Prakash Shetty,same_person,
CL_PERSON_00024_0,PERSON_00024,PERSON_00024,Karthik Kumar,same_person,
CL_PERSON_00025_0,PERSON_00025,PERSON_00025,Ajay Kumar,same_person,
CL_PERSON_00026_0,PERSON_00026,PERSON_00026,Dinesh Saini,same_person,
CL_PERSON_00027_0,PERSON_00027,PERSON_00027,Anil Naik,same_person,
CL_PERSON_00028_0,PERSON_00028,PERSON_00028,Saravanan Mani,same_person,
CL_PERSON_00029_0,PERSON_00029,PERSON_00029,Rakesh Dutta,same_person,
CL_PERSON_00030_0,PERSON_00030,PERSON_00030,Navdeep Sodhi,same_person,
CL_PERSON_00031_0,PERSON_00031,PERSON_00031,Deepak Verma,same_person,
CL_PERSON_00032_0,PERSON_00032,PERSON_00032,Keerthi Kumar,same_person,
CL_PERSON_00033_0,PERSON_00033,PERSON_00033,Suresh Shetty,same_person,
CL_PERSON_00034_0,PERSON_00034,PERSON_00034,Vivek Kulkarni,same_person,
CL_PERSON_00035_0,PERSON_00035,PERSON_00035,Ganesh Naidu,same_person,
CL_PERSON_00036_0,PERSON_00036,PERSON_00036,Arun Prasad,same_person,
CL_PERSON_00037_0,PERSON_00037,PERSON_00037,Vinod Varghese,same_person,
CL_PERSON_00038_0,PERSON_00038,PERSON_00038,Manish Tiwari,same_person,
CL_PERSON_00039_0,PERSON_00039,PERSON_00039,Amit Sharma,same_person,
CL_PERSON_00040_0,PERSON_00040,PERSON_00040,Debashis Roy,same_person,
CL_PERSON_00041_0,PERSON_00041,PERSON_00041,Subhajit Sen,same_person,
CL_PERSON_00042_0,PERSON_00042,PERSON_00042,Rohit Gupta,same_person,
CL_PERSON_00043_0,PERSON_00043,PERSON_00043,Murugan Selvam,same_person,
CL_PERSON_00044_0,PERSON_00044,PERSON_00044,Pooja Trivedi,same_person,
CL_PERSON_00045_0,PERSON_00045,PERSON_00045,Manoj Behera,same_person,
CL_PERSON_00046_0,PERSON_00046,PERSON_00046,Manish Patel,same_person,
CL_PERSON_00047_0,PERSON_00047,PERSON_00047,Aman Sharma,same_person,
CL_PERSON_00048_0,PERSON_00048,PERSON_00048,Ramesh Naik,same_person,
CL_PERSON_00049_0,PERSON_00049,PERSON_00049,Pankaj Pandey,same_person,
CL_PERSON_00050_0,PERSON_00050,PERSON_00050,Naresh Reddy,same_person,
CL_PERSON_00051_0,PERSON_00051,PERSON_00051,Harpreet Singh,same_person,
CL_PERSON_00052_0,PERSON_00052,PERSON_00052,Vikas Singh,same_person,
CL_PERSON_00053_0,PERSON_00053,PERSON_00053,Naresh Kumar,same_person,
CL_PERSON_00054_0,PERSON_00054,PERSON_00054,Amit Gupta,same_person,
CL_PERSON_00055_0,PERSON_00055,PERSON_00055,Ravi Jha,same_person,
CL_PERSON_00056_0,PERSON_00056,PERSON_00056,Ravi Patel,same_person,
CL_PERSON_00057_0,PERSON_00057,PERSON_00057,Anil Nair,same_person,
CL_PERSON_00058_0,PERSON_00058,PERSON_00058,Suresh Rao,same_person,
CL_PERSON_00059_0,PERSON_00059,PERSON_00059,Harish Shetty,same_person,
CL_PERSON_00060_0,PERSON_00060,PERSON_00060,Mahesh Raju,same_person,
CL_PERSON_00061_0,PERSON_00061,PERSON_00061,Mohan Saini,same_person,
CL_PERSON_00062_0,PERSON_00062,PERSON_00062,Pooja Kumar,same_person,
CL_PERSON_00063_0,PERSON_00063,PERSON_00063,Nikhil Pillai,same_person,
CL_PERSON_00064_0,PERSON_00064,PERSON_00064,Deepak Sinha,same_person,
CL_PERSON_00065_0,PERSON_00065,PERSON_00065,Suresh Patnaik,same_person,
CL_PERSON_00066_0,PERSON_00066,PERSON_00066,Sachin Deshmukh,same_person,
CL_PERSON_00067_0,PERSON_00067,PERSON_00067,Sanjay Sahu,same_person,
CL_PERSON_00068_0,PERSON_00068,PERSON_00068,Kiran Prasad,same_person,
CL_PERSON_00069_0,PERSON_00069,PERSON_00069,Pooja Desai,same_person,
CL_PERSON_00070_0,PERSON_00070,PERSON_00070,Anil Iyer,same_person,
CL_PERSON_00071_0,PERSON_00071,PERSON_00071,Anup Chatterjee,same_person,
CL_PERSON_00072_0,PERSON_00072,PERSON_00072,Ganesh Kumar,same_person,
CL_PERSON_00073_0,PERSON_00073,PERSON_00073,Nitin Shinde,same_person,
CL_PERSON_00074_0,PERSON_00074,PERSON_00074,Prakash Kumar,same_person,
CL_PERSON_00075_0,PERSON_00075,PERSON_00075,Amit Dutta,same_person,
CL_PERSON_00076_0,PERSON_00076,PERSON_00076,Priya Mani,same_person,
CL_PERSON_00077_0,PERSON_00077,PERSON_00077,Gurpreet Bedi,same_person,
CL_PERSON_00078_0,PERSON_00078,PERSON_00078,Arun Selvam,same_person,
CL_PERSON_00079_0,PERSON_00079,PERSON_00079,Rohit Bedi,same_person,
CL_PERSON_00080_0,PERSON_00080,PERSON_00080,Vikas Sharma,same_person,
CL_PERSON_00081_0,PERSON_00081,PERSON_00081,Sunil Mishra,same_person,
CL_PERSON_00082_0,PERSON_00082,PERSON_00082,Amit Roy,same_person,
CL_PERSON_00083_0,PERSON_00083,PERSON_00083,Sanjay Sharma,same_person,
CL_PERSON_00084_0,PERSON_00084,PERSON_00084,Sunil Kumar,same_person,
CL_PERSON_00085_0,PERSON_00085,PERSON_00085,Ravi Shetty,same_person,
CL_PERSON_00086_0,PERSON_00086,PERSON_00086,Srinivas Babu,same_person,
CL_PERSON_00087_0,PERSON_00087,PERSON_00087,Subhajit Dutta,same_person,
CL_PERSON_00088_0,PERSON_00088,PERSON_00088,Kiran Gowda,same_person,
CL_PERSON_00089_0,PERSON_00089,PERSON_00089,Amit Patel,same_person,
CL_PERSON_00090_0,PERSON_00090,PERSON_00090,Vivek Kumar,same_person,
CL_PERSON_00091_0,PERSON_00091,PERSON_00091,Bikash Dutta,same_person,
CL_PERSON_00092_0,PERSON_00092,PERSON_00092,Murugan Kumar,same_person,
CL_PERSON_00093_0,PERSON_00093,PERSON_00093,Ravi Mishra,same_person,
CL_PERSON_00094_0,PERSON_00094,PERSON_00094,Naveen Naik,same_person,
CL_PERSON_00095_0,PERSON_00095,PERSON_00095,Vikas Dev Khan,same_person,
CL_PERSON_00096_0,PERSON_00096,PERSON_00096,Manoj Nayak,same_person,
CL_PERSON_00097_0,PERSON_00097,PERSON_00097,Prasad Naidu,same_person,
CL_PERSON_00098_0,PERSON_00098,PERSON_00098,Arun Kurian,same_person,
CL_PERSON_00099_0,PERSON_00099,PERSON_00099,Suresh Menon,same_person,
CL_PERSON_00100_0,PERSON_00100,PERSON_00100,Mahesh Kumar,same_person,
CL_PERSON_00101_0,PERSON_00101,PERSON_00101,Amit Parmar,same_person,
CL_PERSON_00102_0,PERSON_00102,PERSON_00102,Sunil Sinha,same_person,
CL_PERSON_00103_0,PERSON_00103,PERSON_00103,Bhavesh Joshi,same_person,
CL_PERSON_00104_0,PERSON_00104,PERSON_00104,Ravi Kapoor,same_person,
CL_PERSON_00105_0,PERSON_00105,PERSON_00105,Vikas Pandey,same_person,
CL_PERSON_00106_0,PERSON_00106,PERSON_00106,Subhajit Sarkar,same_person,
CL_PERSON_00107_0,PERSON_00107,PERSON_00107,Laxman Varma,same_person,
CL_PERSON_00108_0,PERSON_00108,PERSON_00108,Ravi Singh,same_person,
CL_PERSON_00109_0,PERSON_00109,PERSON_00109,Jaspreet Bedi,same_person,
CL_PERSON_00110_0,PERSON_00110,PERSON_00110,Deepak Khan,same_person,
CL_PERSON_00111_0,PERSON_00111,PERSON_00111,Manoj Sahu,same_person,
CL_PERSON_00112_0,PERSON_00112,PERSON_00112,Rajesh Kurian,same_person,
CL_PERSON_00113_0,PERSON_00113,PERSON_00113,Prakash Gowda,same_person,
CL_PERSON_00114_0,PERSON_00114,PERSON_00114,Laxman Raju,same_person,
CL_PERSON_00115_0,PERSON_00115,PERSON_00115,Manpreet Gill,same_person,
CL_PERSON_00116_0,PERSON_00116,PERSON_00116,Anjali Mathew,same_person,
CL_PERSON_00117_0,PERSON_00117,PERSON_00117,Ramesh Varma,same_person,
CL_PERSON_00118_0,PERSON_00118,PERSON_00118,Rakesh Das,same_person,
CL_PERSON_00119_0,PERSON_00119,PERSON_00119,Nikhil Kurian,same_person,
CL_PERSON_00120_0,PERSON_00120,PERSON_00120,Dinesh Khandelwal,same_person,
CL_PERSON_00121_0,PERSON_00121,PERSON_00121,Rajesh Goud,same_person,
CL_PERSON_00122_0,PERSON_00122,PERSON_00122,Binu Mathew,same_person,
CL_PERSON_00123_0,PERSON_00123,PERSON_00123,Suresh Nair,same_person,
CL_PERSON_00124_0,PERSON_00124,PERSON_00124,Rajesh Varma,same_person,
CL_PERSON_00125_0,PERSON_00125,PERSON_00125,Amit Yadav,same_person,
CL_PERSON_00126_0,PERSON_00126,PERSON_00126,Manoj Mohanty,same_person,
CL_PERSON_00127_0,PERSON_00127,PERSON_00127,Kiran Goud,same_person,
CL_PERSON_00128_0,PERSON_00128,PERSON_00128,Kavita Choudhary,same_person,
CL_PERSON_00129_0,PERSON_00129,PERSON_00129,Gurpreet Kaur,same_person,
CL_PERSON_00130_0,PERSON_00130,PERSON_00130,Amit Vyas,same_person,
CL_PERSON_00131_0,PERSON_00131,PERSON_00131,Anil Gupta,same_person,
CL_PERSON_00132_0,PERSON_00132,PERSON_00132,Pooja Sharma,same_person,
CL_PERSON_00133_0,PERSON_00133,PERSON_00133,Pooja Sinha,same_person,
CL_PERSON_00134_0,PERSON_00134,PERSON_00134,Rahul Tiwari,same_person,
CL_PERSON_00135_0,PERSON_00135,PERSON_00135,Vivek Goud,same_person,
CL_PERSON_00136_0,PERSON_00136,PERSON_00136,Jaspreet Sodhi,same_person,
CL_PERSON_00137_0,PERSON_00137,PERSON_00137,Rahul Patel,same_person,
CL_PERSON_00138_0,PERSON_00138,PERSON_00138,Sunil Jain,same_person,
CL_PERSON_00139_0,PERSON_00139,PERSON_00139,Ashok Singh,same_person,
CL_PERSON_00140_0,PERSON_00140,PERSON_00140,Rakesh Munda,same_person,
CL_PERSON_00141_0,PERSON_00141,PERSON_00141,Bikash Mohanty,same_person,
CL_PERSON_00142_0,PERSON_00142,PERSON_00142,Priya Subramaniam,same_person,
CL_PERSON_00143_0,PERSON_00143,PERSON_00143,Pankaj Mishra,same_person,
CL_PERSON_00144_0,PERSON_00144,PERSON_00144,Deepak Yadav,same_person,
CL_PERSON_00145_0,PERSON_00145,PERSON_00145,Naveen Hegde,same_person,
CL_PERSON_00146_0,PERSON_00146,PERSON_00146,Dinesh Meena,same_person,
CL_PERSON_00147_0,PERSON_00147,PERSON_00147,Pooja Behera,same_person,
CL_PERSON_00148_0,PERSON_00148,PERSON_00148,Ramesh Prasad,same_person,
CL_PERSON_00149_0,PERSON_00149,PERSON_00149,Ankit Kapoor,same_person,
CL_PERSON_00150_0,PERSON_00150,PERSON_00150,Pooja Prasad,same_person,
CL_PERSON_00151_0,PERSON_00151,PERSON_00151,Ajay Varma,same_person,
CL_PERSON_00152_0,PERSON_00152,PERSON_00152,Mahesh Joshi,same_person,
CL_PERSON_00153_0,PERSON_00153,PERSON_00153,Subash Das,same_person,
CL_PERSON_00154_0,PERSON_00154,PERSON_00154,Vijay Naik,same_person,
CL_PERSON_00155_0,PERSON_00155,PERSON_00155,Anil Babu,same_person,
CL_PERSON_00156_0,PERSON_00156,PERSON_00156,Dinesh Singh,same_person,
CL_PERSON_00157_0,PERSON_00157,PERSON_00157,Vamsi Kumar,same_person,
CL_PERSON_00158_0,PERSON_00158,PERSON_00158,Pankaj Verma,same_person,
CL_PERSON_00159_0,PERSON_00159,PERSON_00159,Anjali Iyer,same_person,
CL_PERSON_00160_0,PERSON_00160,PERSON_00160,Ravi Yadav,same_person,
CL_PERSON_00161_0,PERSON_00161,PERSON_00161,Pradeep Das,same_person,
CL_PERSON_00162_0,PERSON_00162,PERSON_00162,Vikas Munda,same_person,
CL_PERSON_00163_0,PERSON_00163,PERSON_00163,Jignesh Desai,same_person,
CL_PERSON_00164_0,PERSON_00164,PERSON_00164,Sanjay Dutta,same_person,
CL_PERSON_00165_0,PERSON_00165,PERSON_00165,Santosh Das,same_person,
CL_PERSON_00166_0,PERSON_00166,PERSON_00166,Mahesh Reddy,same_person,
CL_PERSON_00167_0,PERSON_00167,PERSON_00167,Gurpreet Sodhi,same_person,
CL_PERSON_00168_0,PERSON_00168,PERSON_00168,Deepak Singh,same_person,
CL_PERSON_00169_0,PERSON_00169,PERSON_00169,Ajay Joshi,same_person,
CL_PERSON_00170_0,PERSON_00170,PERSON_00170,Hitesh Desai,same_person,
CL_PERSON_00171_0,PERSON_00171,PERSON_00171,Ajay Selvam,same_person,
CL_PERSON_00172_0,PERSON_00172,PERSON_00172,Vijay Choudhary,same_person,
CL_PERSON_00173_0,PERSON_00173,PERSON_00173,Ganesh Kumar,same_person,
CL_PERSON_00174_0,PERSON_00174,PERSON_00174,Rohit Sodhi,same_person,
CL_PERSON_00175_0,PERSON_00175,PERSON_00175,Anil Verma,same_person,
CL_PERSON_00176_0,PERSON_00176,PERSON_00176,Neha Yadav,same_person,
CL_PERSON_00177_0,PERSON_00177,PERSON_00177,Pankaj Jha,same_person,
CL_PERSON_00178_0,PERSON_00178,PERSON_00178,Anjali Menon,same_person,
CL_PERSON_00179_0,PERSON_00179,PERSON_00179,Anil Prasad,same_person,
CL_PERSON_00180_0,PERSON_00180,PERSON_00180,Pooja Ghosh,same_person,
CL_PERSON_00181_0,PERSON_00181,PERSON_00181,Naveen Singh,same_person,
CL_PERSON_00182_0,PERSON_00182,PERSON_00182,Ravi Verma,same_person,
CL_PERSON_00183_0,PERSON_00183,PERSON_00183,Gurpreet Singh,same_person,
CL_PERSON_00184_0,PERSON_00184,PERSON_00184,Saravanan Krishnan,same_person,
CL_PERSON_00185_0,PERSON_00185,PERSON_00185,Saravanan Prasad,same_person,
CL_PERSON_00186_0,PERSON_00186,PERSON_00186,Sachin Patil,same_person,
CL_PERSON_00187_0,PERSON_00187,PERSON_00187,Santosh Mohanty,same_person,
CL_PERSON_00188_0,PERSON_00188,PERSON_00188,Sunil Raj Sinha,same_person,
CL_PERSON_00189_0,PERSON_00189,PERSON_00189,Vikas Tiwari,same_person,
CL_PERSON_00190_0,PERSON_00190,PERSON_00190,Anil Kushwaha,same_person,
CL_PERSON_00191_0,PERSON_00191,PERSON_00191,Ankit Gupta,same_person,
CL_PERSON_00192_0,PERSON_00192,PERSON_00192,Vignesh Krishnan,same_person,
CL_PERSON_00193_0,PERSON_00193,PERSON_00193,Pradeep Mohanty,same_person,
CL_PERSON_00194_0,PERSON_00194,PERSON_00194,Pooja Nayak,same_person,
CL_PERSON_00195_0,PERSON_00195,PERSON_00195,Neeraj Khan,same_person,
CL_PERSON_00196_0,PERSON_00196,PERSON_00196,Naveen Gowda,same_person,
CL_PERSON_00197_0,PERSON_00197,PERSON_00197,Subash Nayak,same_person,
CL_PERSON_00198_0,PERSON_00198,PERSON_00198,Sourav Chatterjee,same_person,
CL_PERSON_00199_0,PERSON_00199,PERSON_00199,Pooja Dutta,same_person,
CL_PERSON_00200_0,PERSON_00200,PERSON_00200,Arun Sharma,same_person,
CL_PERSON_00201_0,PERSON_00201,PERSON_00201,Pooja Pradhan,same_person,
CL_PERSON_00202_0,PERSON_00202,PERSON_00202,Sourav Banerjee,same_person,
CL_PERSON_00203_0,PERSON_00203,PERSON_00203,Jayesh Patel,same_person,
CL_PERSON_00204_0,PERSON_00204,PERSON_00204,Bhaskar Naidu,same_person,
CL_PERSON_00205_0,PERSON_00205,PERSON_00205,Amit Kulkarni,same_person,
CL_PERSON_00206_0,PERSON_00206,PERSON_00206,Mahesh Singh,same_person,
CL_PERSON_00207_0,PERSON_00207,PERSON_00207,Rakesh Patil,same_person,
CL_PERSON_00208_0,PERSON_00208,PERSON_00208,Sanjay Singh,same_person,
CL_PERSON_00209_0,PERSON_00209,PERSON_00209,Vamsi Prasad,same_person,
CL_PERSON_00210_0,PERSON_00210,PERSON_00210,Sanjay Mahto,same_person,
CL_PERSON_00211_0,PERSON_00211,PERSON_00211,Neeraj Mehra,same_person,
CL_PERSON_00212_0,PERSON_00212,PERSON_00212,Ramesh Reddy,same_person,
CL_PERSON_00213_0,PERSON_00213,PERSON_00213,Keerthi Reddy,same_person,
CL_PERSON_00214_0,PERSON_00214,PERSON_00214,Arindam Banerjee,same_person,
CL_PERSON_00215_0,PERSON_00215,PERSON_00215,Ajay Rajan,same_person,
CL_PERSON_00216_0,PERSON_00216,PERSON_00216,Mohan Sharma,same_person,
CL_PERSON_00217_0,PERSON_00217,PERSON_00217,Ashok Rout,same_person,
CL_PERSON_00218_0,PERSON_00218,PERSON_00218,Rajesh Reddy,same_person,
CL_PERSON_00219_0,PERSON_00219,PERSON_00219,Rohit Singh,same_person,
CL_PERSON_00220_0,PERSON_00220,PERSON_00220,Anil Kurian,same_person,
CL_PERSON_00221_0,PERSON_00221,PERSON_00221,Neha Patil,same_person,
CL_PERSON_00222_0,PERSON_00222,PERSON_00222,Ajay Kulkarni,same_person,
CL_PERSON_00223_0,PERSON_00223,PERSON_00223,Shivakumar Gowda,same_person,
CL_PERSON_00224_0,PERSON_00224,PERSON_00224,Jaspreet Kaur,same_person,
CL_PERSON_00225_0,PERSON_00225,PERSON_00225,Vivek Rao,same_person,
CL_PERSON_00226_0,PERSON_00226,PERSON_00226,Deepak Gupta,same_person,
CL_PERSON_00227_0,PERSON_00227,PERSON_00227,Ramesh Kumar,same_person,
CL_PERSON_00228_0,PERSON_00228,PERSON_00228,Manpreet Singh,same_person,
CL_PERSON_00229_0,PERSON_00229,PERSON_00229,Chetan Vyas,same_person,
CL_PERSON_00230_0,PERSON_00230,PERSON_00230,Pooja Tiwari,same_person,
CL_PERSON_00231_0,PERSON_00231,PERSON_00231,Ramesh Krishnan,same_person,
CL_PERSON_00232_0,PERSON_00232,PERSON_00232,Ravi Babu,same_person,
CL_PERSON_00233_0,PERSON_00233,PERSON_00233,Rakesh Jadhav,same_person,
CL_PERSON_00234_0,PERSON_00234,PERSON_00234,Anil Patel,same_person,
CL_PERSON_00235_0,PERSON_00235,PERSON_00235,Jaspreet Gill,same_person,
CL_PERSON_00236_0,PERSON_00236,PERSON_00236,Ganesh Shetty,same_person,
CL_PERSON_00237_0,PERSON_00237,PERSON_00237,Ravi Raju,same_person,
CL_PERSON_00238_0,PERSON_00238,PERSON_00238,Rajesh Sinha,same_person,
CL_PERSON_00239_0,PERSON_00239,PERSON_00239,Pravin Deshmukh,same_person,
CL_PERSON_00240_0,PERSON_00240,PERSON_00240,Binu Kurian,same_person,
CL_PERSON_00241_0,PERSON_00241,PERSON_00241,Sandeep Singh,same_person,
CL_PERSON_00242_0,PERSON_00242,PERSON_00242,Suresh Mahto,same_person,
CL_PERSON_00243_0,PERSON_00243,PERSON_00243,Rakesh Desai,same_person,
CL_PERSON_00244_0,PERSON_00244,PERSON_00244,Mahesh Rao,same_person,
CL_PERSON_00245_0,PERSON_00245,PERSON_00245,Deepak Malhotra,same_person,
CL_PERSON_00246_0,PERSON_00246,PERSON_00246,Suresh Gowda,same_person,
CL_PERSON_00247_0,PERSON_00247,PERSON_00247,Rakesh Sahu,same_person,
CL_PERSON_00248_0,PERSON_00248,PERSON_00248,Ravi Rao,same_person,
CL_PERSON_00249_0,PERSON_00249,PERSON_00249,Manoj Kumar,same_person,
CL_PERSON_00250_0,PERSON_00250,PERSON_00250,Kiran Kumar,same_person,
CL_PERSON_00251_0,PERSON_00251,PERSON_00251,Suresh Yadav,same_person,
CL_PERSON_00252_0,PERSON_00252,PERSON_00252,Mahesh Jain,same_person,
CL_PERSON_00253_0,PERSON_00253,PERSON_00253,Arun Menon,same_person,
CL_PERSON_00254_0,PERSON_00254,PERSON_00254,Pankaj Singh,same_person,
CL_PERSON_00255_0,PERSON_00255,PERSON_00255,Naveen Raju,same_person,
CL_PERSON_00256_0,PERSON_00256,PERSON_00256,Kiran Rao,same_person,
CL_PERSON_00257_0,PERSON_00257,PERSON_00257,Chetan Shah,same_person,
CL_PERSON_00258_0,PERSON_00258,PERSON_00258,Manpreet Sodhi,same_person,
CL_PERSON_00259_0,PERSON_00259,PERSON_00259,Ajith Menon,same_person,
CL_PERSON_00260_0,PERSON_00260,PERSON_00260,Manoj Rout,same_person,
CL_PERSON_00261_0,PERSON_00261,PERSON_00261,Ganesh Rao,same_person,
CL_PERSON_00262_0,PERSON_00262,PERSON_00262,Ramesh Gowda,same_person,
CL_PERSON_00263_0,PERSON_00263,PERSON_00263,Anoop Iyer,same_person,
CL_PERSON_00264_0,PERSON_00264,PERSON_00264,Pankaj Meena,same_person,
CL_PERSON_00265_0,PERSON_00265,PERSON_00265,Bhaskar Goud,same_person,
CL_PERSON_00266_0,PERSON_00266,PERSON_00266,Rohit Sharma,same_person,
CL_PERSON_00267_0,PERSON_00267,PERSON_00267,Vikas Yadav,same_person,
CL_PERSON_00268_0,PERSON_00268,PERSON_00268,Bikash Pradhan,same_person,
CL_PERSON_00269_0,PERSON_00269,PERSON_00269,Vikas Kushwaha,same_person,
CL_PERSON_00270_0,PERSON_00270,PERSON_00270,Anil Pradhan,same_person,
CL_PERSON_00271_0,PERSON_00271,PERSON_00271,Anup Ghosh,same_person,
CL_PERSON_00272_0,PERSON_00272,PERSON_00272,Sandeep Joshi,same_person,
CL_PERSON_00273_0,PERSON_00273,PERSON_00273,Ravi Pandey,same_person,
CL_PERSON_00274_0,PERSON_00274,PERSON_00274,Harsha Rao,same_person,
CL_PERSON_00275_0,PERSON_00275,PERSON_00275,Aman Bedi,same_person,
CL_PERSON_00276_0,PERSON_00276,PERSON_00276,Amit Singh,same_person,
CL_PERSON_00277_0,PERSON_00277,PERSON_00277,Rahul Kumar Singh,same_person,
CL_PERSON_00278_0,PERSON_00278,PERSON_00278,Subash Rout,same_person,
CL_PERSON_00279_0,PERSON_00279,PERSON_00279,Arun Krishnan,same_person,
CL_PERSON_00280_0,PERSON_00280,PERSON_00280,Suresh Kumar,same_person,
CL_PERSON_00281_0,PERSON_00281,PERSON_00281,Rakesh Sharma,same_person,
CL_PERSON_00282_0,PERSON_00282,PERSON_00282,Arun Khan,same_person,
CL_PERSON_00283_0,PERSON_00283,PERSON_00283,Rakesh Meena,same_person,
CL_PERSON_00284_0,PERSON_00284,PERSON_00284,Jignesh Mehta,same_person,
CL_PERSON_00285_0,PERSON_00285,PERSON_00285,Pradeep Rout,same_person,
CL_PERSON_00286_0,PERSON_00286,PERSON_00286,Arjun Sharma,same_person,
CL_PERSON_00287_0,PERSON_00287,PERSON_00287,Suresh Sharma,same_person,
CL_PERSON_00288_0,PERSON_00288,PERSON_00288,Debashis Dutta,same_person,
CL_PERSON_00289_0,PERSON_00289,PERSON_00289,Vikas Kumar,same_person,
CL_PERSON_00290_0,PERSON_00290,PERSON_00290,Suresh Pradhan,same_person,
CL_PERSON_00291_0,PERSON_00291,PERSON_00291,Deepak Sharma,same_person,
CL_PERSON_00292_0,PERSON_00292,PERSON_00292,Manoj Patnaik,same_person,
CL_PERSON_00293_0,PERSON_00293,PERSON_00293,Arun Rajan,same_person,
CL_PERSON_00294_0,PERSON_00294,PERSON_00294,Ashok Yadav,same_person,
CL_PERSON_00295_0,PERSON_00295,PERSON_00295,Vinod Thomas,same_person,
CL_PERSON_00296_0,PERSON_00296,PERSON_00296,Vignesh Rajan,same_person,
CL_PERSON_00297_0,PERSON_00297,PERSON_00297,Sanjay Kumar,same_person,
CL_PERSON_00298_0,PERSON_00298,PERSON_00298,Rakesh Saini,same_person,
CL_PERSON_00299_0,PERSON_00299,PERSON_00299,Karthik Prasad,same_person,
CL_PERSON_00300_0,PERSON_00300,PERSON_00300,Amit Mehra,same_person,
CL_PERSON_00301_0,PERSON_00301,PERSON_00301,Jayesh Parmar,same_person,
CL_PERSON_00302_0,PERSON_00302,PERSON_00302,Mahesh Khandelwal,same_person,
CL_PERSON_00303_0,PERSON_00303,PERSON_00303,Manish Gupta,same_person,
CL_PERSON_00304_0,PERSON_00304,PERSON_00304,Mohan Jain,same_person,
CL_PERSON_00305_0,PERSON_00305,PERSON_00305,Dinesh Babu,same_person,
CL_PERSON_00306_0,PERSON_00306,PERSON_00306,Karthik Krishnan,same_person,
CL_PERSON_00307_0,PERSON_00307,PERSON_00307,Amit Malhotra,same_person,
CL_PERSON_00308_0,PERSON_00308,PERSON_00308,Suresh Sahu,same_person,
CL_PERSON_00309_0,PERSON_00309,PERSON_00309,Mohan Prasad,same_person,
CL_PERSON_00310_0,PERSON_00310,PERSON_00310,Manoj Singh,same_person,
CL_PERSON_00311_0,PERSON_00311,PERSON_00311,Anoop Menon,same_person,
CL_PERSON_00312_0,PERSON_00312,PERSON_00312,Rajesh Mathew,same_person,
CL_PERSON_00313_0,PERSON_00313,PERSON_00313,Ravi Kushwaha,same_person,
CL_PERSON_00314_0,PERSON_00314,PERSON_00314,Harsha Varma,same_person,
CL_PERSON_00315_0,PERSON_00315,PERSON_00315,Amit Sen,same_person,
CL_PERSON_00316_0,PERSON_00316,PERSON_00316,Rahul Sharma,same_person,
CL_PERSON_00317_0,PERSON_00317,PERSON_00317,Manoj Prasad,same_person,
CL_PERSON_00318_0,PERSON_00318,PERSON_00318,Sanjay Patel,same_person,
CL_PERSON_00319_0,PERSON_00319,PERSON_00319,Pankaj Sharma,same_person,
CL_PERSON_00320_0,PERSON_00320,PERSON_00320,Amit Desai,same_person,
CL_PERSON_00321_0,PERSON_00321,PERSON_00321,Sunil Choudhary,same_person,
CL_PERSON_00322_0,PERSON_00322,PERSON_00322,Sachin Joshi,same_person,
CL_PERSON_00323_0,PERSON_00323,PERSON_00323,Simran Gill,same_person,
CL_PERSON_00324_0,PERSON_00324,PERSON_00324,Sunil Das,same_person,
CL_PERSON_00325_0,PERSON_00325,PERSON_00325,Chetan Patel,same_person,
CL_PERSON_00326_0,PERSON_00326,PERSON_00326,Sandeep Kulkarni,same_person,
CL_PERSON_00327_0,PERSON_00327,PERSON_00327,Pooja Mahto,same_person,
CL_PERSON_00328_0,PERSON_00328,PERSON_00328,Dinesh Sharma,same_person,
CL_PERSON_00329_0,PERSON_00329,PERSON_00329,Srinivas Prasad,same_person,
CL_PERSON_00330_0,PERSON_00330,PERSON_00330,Anil Sahu,same_person,
CL_PERSON_00331_0,PERSON_00331,PERSON_00331,Rakesh Ghosh,same_person,
CL_PERSON_00332_0,PERSON_00332,PERSON_00332,Arun Pandey,same_person,
CL_PERSON_00333_0,PERSON_00333,PERSON_00333,Subash Behera,same_person,
CL_PERSON_00334_0,PERSON_00334,PERSON_00334,Sunil Sahu,same_person,
CL_PERSON_00335_0,PERSON_00335,PERSON_00335,Rakesh Behera,same_person,
CL_PERSON_00336_0,PERSON_00336,PERSON_00336,Saravanan Subramaniam,same_person,
CL_PERSON_00337_0,PERSON_00337,PERSON_00337,Dinesh Selvam,same_person,
CL_PERSON_00338_0,PERSON_00338,PERSON_00338,Debashis Das,same_person,
CL_PERSON_00339_0,PERSON_00339,PERSON_00339,Rakesh Choudhary,same_person,
CL_PERSON_00340_0,PERSON_00340,PERSON_00340,Deepak Kushwaha,same_person,
CL_PERSON_00341_0,PERSON_00341,PERSON_00341,Pooja Mohanty,same_person,
CL_PERSON_00342_0,PERSON_00342,PERSON_00342,Navdeep Gill,same_person,
CL_PERSON_00343_0,PERSON_00343,PERSON_00343,Senthil Prasad,same_person,
CL_PERSON_00344_0,PERSON_00344,PERSON_00344,Laxman Kumar Rao,same_person,
CL_PERSON_00345_0,PERSON_00345,PERSON_00345,Arun Yadav,same_person,
CL_PERSON_00346_0,PERSON_00346,PERSON_00346,Ganesh Reddy,same_person,
CL_PERSON_00347_0,PERSON_00347,PERSON_00347,Shivakumar Prasad,same_person,
CL_PERSON_00348_0,PERSON_00348,PERSON_00348,Amit Kushwaha,same_person,
CL_PERSON_00349_0,PERSON_00349,PERSON_00349,Ashok Behera,same_person,
CL_PERSON_00350_0,PERSON_00350,PERSON_00350,Ajay Jadhav,same_person,
CL_PERSON_00351_0,PERSON_00351,PERSON_00351,Deepak Patel,same_person,
CL_PERSON_00352_0,PERSON_00352,PERSON_00352,Manish Yadav,same_person,
CL_PERSON_00353_0,PERSON_00353,PERSON_00353,Pooja More,same_person,
CL_PERSON_00354_0,PERSON_00354,PERSON_00354,Suresh Mathew,same_person,
CL_PERSON_00355_0,PERSON_00355,PERSON_00355,Suresh Das,same_person,
CL_PERSON_00356_0,PERSON_00356,PERSON_00356,Sunil Yadav,same_person,
CL_PERSON_00357_0,PERSON_00357,PERSON_00357,Harsha Reddy,same_person,
CL_PERSON_00358_0,PERSON_00358,PERSON_00358,Rakesh Banerjee,same_person,
CL_PERSON_00359_0,PERSON_00359,PERSON_00359,Rohit Jadhav,same_person,
CL_PERSON_00360_0,PERSON_00360,PERSON_00360,Priya Rajan,same_person,
CL_PERSON_00361_0,PERSON_00361,PERSON_00361,Rakesh Sharma,same_person,
CL_PERSON_00362_0,PERSON_00362,PERSON_00362,Anoop Thomas,same_person,
CL_PERSON_00363_0,PERSON_00363,PERSON_00363,Mahesh Hegde,same_person,
CL_PERSON_00364_0,PERSON_00364,PERSON_00364,Ramesh Rao,same_person,
CL_PERSON_00365_0,PERSON_00365,PERSON_00365,Manoj Yadav,same_person,
CL_PERSON_00366_0,PERSON_00366,PERSON_00366,Amit Sarkar,same_person,
CL_PERSON_00367_0,PERSON_00367,PERSON_00367,Sandeep Khandelwal,same_person,
CL_PERSON_00368_0,PERSON_00368,PERSON_00368,Priya Malhotra,same_person,
CL_PERSON_00369_0,PERSON_00369,PERSON_00369,Bikash Banerjee,same_person,
CL_PERSON_00370_0,PERSON_00370,PERSON_00370,Jignesh Shah,same_person,
CL_PERSON_00371_0,PERSON_00371,PERSON_00371,Rahul Singh,same_person,
CL_PERSON_00372_0,PERSON_00372,PERSON_00372,Navdeep Kaur,same_person,
CL_PERSON_00373_0,PERSON_00373,PERSON_00373,Bikash Sen,same_person,
CL_PERSON_00374_0,PERSON_00374,PERSON_00374,Amit Pandey,same_person,
CL_PERSON_00375_0,PERSON_00375,PERSON_00375,Sneha Deshmukh,same_person,
CL_PERSON_00376_0,PERSON_00376,PERSON_00376,Mahesh Prasad,same_person,
CL_PERSON_00377_0,PERSON_00377,PERSON_00377,Subash Mohanty,same_person,
CL_PERSON_00378_0,PERSON_00378,PERSON_00378,Sandeep Mehra,same_person,
CL_PERSON_00379_0,PERSON_00379,PERSON_00379,Rohit Pawar,same_person,
CL_PERSON_00380_0,PERSON_00380,PERSON_00380,Gurpreet Arora,same_person,
CL_PERSON_00381_0,PERSON_00381,PERSON_00381,Anil Raju,same_person,
CL_PERSON_00382_0,PERSON_00382,PERSON_00382,Anil Sharma,same_person,
CL_PERSON_00383_0,PERSON_00383,PERSON_00383,Sourav Das,same_person,
CL_PERSON_00384_0,PERSON_00384,PERSON_00384,Karthik Murugan,same_person,
CL_PERSON_00385_0,PERSON_00385,PERSON_00385,Meera Nair,same_person,
CL_PERSON_00386_0,PERSON_00386,PERSON_00386,Pradeep Kumar,same_person,
CL_PERSON_00387_0,PERSON_00387,PERSON_00387,Nitin Kulkarni,same_person,
CL_PERSON_00388_0,PERSON_00388,PERSON_00388,Chetan Desai,same_person,
CL_PERSON_00389_0,PERSON_00389,PERSON_00389,Kavita Singh,same_person,
CL_PERSON_00390_0,PERSON_00390,PERSON_00390,Arun Kumar,same_person,
CL_PERSON_00391_0,PERSON_00391,PERSON_00391,Vamsi Reddy,same_person,
CL_PERSON_00392_0,PERSON_00392,PERSON_00392,Jaspreet Sharma,same_person,
CL_PERSON_00393_0,PERSON_00393,PERSON_00393,Anil Pandey,same_person,
CL_PERSON_00394_0,PERSON_00394,PERSON_00394,Pooja Sen,same_person,
CL_PERSON_00395_0,PERSON_00395,PERSON_00395,Sanjay Pandey,same_person,
CL_PERSON_00396_0,PERSON_00396,PERSON_00396,Pravin More,same_person,
CL_PERSON_00397_0,PERSON_00397,PERSON_00397,Sanjay Roy,same_person,
CL_PERSON_00398_0,PERSON_00398,PERSON_00398,Santosh Sahu,same_person,
CL_PERSON_00399_0,PERSON_00399,PERSON_00399,Priya Gupta,same_person,
CL_PERSON_00400_0,PERSON_00400,PERSON_00400,Laxman Goud,same_person,
CL_PERSON_00401_0,PERSON_00401,PERSON_00401,Amit Chatterjee,same_person,
CL_PERSON_00402_0,PERSON_00402,PERSON_00402,Deepak Kapoor,same_person,
CL_PERSON_00403_0,PERSON_00403,PERSON_00403,Neeraj Kumar Khan,same_person,
CL_PERSON_00404_0,PERSON_00404,PERSON_00404,Naveen Gupta,same_person,
CL_PERSON_00405_0,PERSON_00405,PERSON_00405,Naveen Verma,same_person,
CL_PERSON_00406_0,PERSON_00406,PERSON_00406,Suresh Reddy,same_person,
CL_PERSON_00407_0,PERSON_00407,PERSON_00407,Anoop Mathew,same_person,
CL_PERSON_00408_0,PERSON_00408,PERSON_00408,Arjun Khandelwal,same_person,
CL_PERSON_00409_0,PERSON_00409,PERSON_00409,Neha Kulkarni,same_person,
CL_PERSON_00410_0,PERSON_00410,PERSON_00410,Ashok Patnaik,same_person,
CL_PERSON_00411_0,PERSON_00411,PERSON_00411,Manoj Pandey,same_person,
CL_PERSON_00412_0,PERSON_00412,PERSON_00412,Rakesh Khandelwal,same_person,
CL_PERSON_00413_0,PERSON_00413,PERSON_00413,Pooja Kushwaha,same_person,
CL_PERSON_00414_0,PERSON_00414,PERSON_00414,Subhajit Ghosh,same_person,
CL_PERSON_00415_0,PERSON_00415,PERSON_00415,Mohammed Asif Khan,same_person,
CL_PERSON_00416_0,PERSON_00416,PERSON_00416,Suresh Iyer,same_person,
CL_PERSON_00417_0,PERSON_00417,PERSON_00417,Kiran Naik,same_person,
CL_PERSON_00418_0,PERSON_00418,PERSON_00418,Harsha Naidu,same_person,
CL_PERSON_00419_0,PERSON_00419,PERSON_00419,Rakesh Kumar,same_person,
CL_PERSON_00420_0,PERSON_00420,PERSON_00420,Suresh Singh,same_person,
CL_PERSON_00421_0,PERSON_00421,PERSON_00421,Vikas Verma,same_person,
CL_PERSON_00422_0,PERSON_00422,PERSON_00422,Rajesh Mishra,same_person,
CL_PERSON_00423_0,PERSON_00423,PERSON_00423,Rohit Kaur,same_person,
CL_PERSON_00424_0,PERSON_00424,PERSON_00424,Sunil Mahto,same_person,
CL_PERSON_00425_0,PERSON_00425,PERSON_00425,Debashis Ghosh,same_person,
CL_PERSON_00426_0,PERSON_00426,PERSON_00426,Kiran Naidu,same_person,
CL_PERSON_00427_0,PERSON_00427,PERSON_00427,Prakash Raj Prasad,same_person,
CL_PERSON_00428_0,PERSON_00428,PERSON_00428,Sourav Sarkar,same_person,
CL_PERSON_00429_0,PERSON_00429,PERSON_00429,Pankaj Prasad,same_person,
CL_PERSON_00430_0,PERSON_00430,PERSON_00430,Nilesh Desai,same_person,
CL_PERSON_00431_0,PERSON_00431,PERSON_00431,Nilesh Parmar,same_person,
CL_PERSON_00432_0,PERSON_00432,PERSON_00432,Manpreet Arora,same_person,
CL_PERSON_00433_0,PERSON_00433,PERSON_00433,Prakash Naik,same_person,
CL_PERSON_00434_0,PERSON_00434,PERSON_00434,Ankit Sharma,same_person,
CL_PERSON_00435_0,PERSON_00435,PERSON_00435,Santosh Patnaik,same_person,
CL_PERSON_00436_0,PERSON_00436,PERSON_00436,Harish Naik,same_person,
CL_PERSON_00437_0,PERSON_00437,PERSON_00437,Karthik Babu,same_person,
CL_PERSON_00438_0,PERSON_00438,PERSON_00438,Neha Verma,same_person,
CL_PERSON_00439_0,PERSON_00439,PERSON_00439,Ganesh Varma,same_person,
CL_PERSON_00440_0,PERSON_00440,PERSON_00440,Navdeep Singh,same_person,
CL_PERSON_00441_0,PERSON_00441,PERSON_00441,Pooja Munda,same_person,
CL_PERSON_00442_0,PERSON_00442,PERSON_00442,Simran Singh,same_person,
CL_PERSON_00443_0,PERSON_00443,PERSON_00443,Dinesh Prasad,same_person,
CL_PERSON_00444_0,PERSON_00444,PERSON_00444,Anil Rao,same_person,
CL_PERSON_00445_0,PERSON_00445,PERSON_00445,Kunal Shah,same_person,
CL_PERSON_00446_0,PERSON_00446,PERSON_00446,Sunil Singh,same_person,
CL_PERSON_00447_0,PERSON_00447,PERSON_00447,Jaspreet Singh,same_person,
CL_PERSON_00448_0,PERSON_00448,PERSON_00448,Sanjay Prasad,same_person,
CL_PERSON_00449_0,PERSON_00449,PERSON_00449,Suresh Prasad Naik,same_person,
CL_PERSON_00450_0,PERSON_00450,PERSON_00450,Anita Maria Thomas,same_person,
NEG_GANESH_001,PERSON_00072,PERSON_00173,Ganesh Kumar,different_person,"aadhaar,p an,address,employment"
NEG_RAKESH_001,PERSON_00281,PERSON_00361,Rakesh Sharma,different_person,"aadhaar,pan,phone,city"
