address_id,line1,locality,city,state,postal_code
ADDR_00001,47 Industrial Road,Vashi,Mumbai,Maharashtra,462117
ADDR_00002,88 Lake View Road,Old Town,Delhi,Delhi,429988
ADDR_00003,97 Industrial Road,Kukatpally,Kochi,Kerala,504750
ADDR_00004,101 Station Road,Whitefield,Delhi,Delhi,737968
ADDR_00005,14 Industrial Road,T Nagar,Ranchi,Jharkhand,624837
ADDR_00006,40 Industrial Road,Andheri,Hyderabad,Telangana,575318
ADDR_00007,34 Main Street,Kukatpally,Raipur,Chhattisgarh,796617
ADDR_00008,101 Market Road,Aluva,Patna,Bihar,748239
ADDR_00009,96 Temple Street,Andheri,Jaipur,Rajasthan,298385
ADDR_00010,143 Temple Street,Industrial Area,Bengaluru,Karnataka,528580
ADDR_00011,198 MG Road,Kukatpally,Hyderabad,Telangana,637453
ADDR_00012,237 Main Street,Kukatpally,Indore,Madhya Pradesh,390559
ADDR_00013,141 Industrial Road,Kukatpally,Panaji,Goa,456190
ADDR_00014,49 Main Street,Vashi,Panaji,Goa,547183
ADDR_00015,162 Market Road,Andheri,Mumbai,Maharashtra,791843
ADDR_00016,71 Market Road,Andheri,Vijayawada,Andhra Pradesh,463990
ADDR_00017,154 Market Road,Andheri,Patna,Bihar,788331
ADDR_00018,17 Market Road,T Nagar,Chennai,Tamil Nadu,192578
ADDR_00019,240 Station Road,Sector 18,Kolkata,West Bengal,393868
ADDR_00020,145 Gandhi Nagar,Andheri,Raipur,Chhattisgarh,206162
ADDR_00021,133 Gandhi Nagar,Central,Ranchi,Jharkhand,532280
ADDR_00022,63 Industrial Road,Central,Panaji,Goa,303071
ADDR_00023,184 Market Road,Industrial Area,Patna,Bihar,313760
ADDR_00024,93 Station Road,Vashi,Ahmedabad,Gujarat,157895
ADDR_00025,195 Temple Street,Sector 18,Ahmedabad,Gujarat,614443
ADDR_00026,90 Temple Street,Old Town,Hyderabad,Telangana,824214
ADDR_00027,227 Temple Street,Sector 18,Noida,Uttar Pradesh,541518
ADDR_00028,164 Main Street,Whitefield,Bengaluru,Karnataka,810646
ADDR_00029,71 Station Road,Sector 18,Jaipur,Rajasthan,479226
ADDR_00030,180 Gandhi Nagar,Sector 18,Raipur,Chhattisgarh,232087
ADDR_00031,208 Market Road,Aluva,Chennai,Tamil Nadu,365512
ADDR_00032,154 MG Road,Civil Lines,Bhubaneswar,Odisha,164520
ADDR_00033,29 Lake View Road,Old Town,Patna,Bihar,272059
ADDR_00034,127 Temple Street,Madhapur,Delhi,Delhi,675622
ADDR_00035,114 Industrial Road,Old Town,Delhi,Delhi,773989
ADDR_00036,102 Lake View Road,Civil Lines,Kolkata,West Bengal,250046
ADDR_00037,35 MG Road,Whitefield,Vijayawada,Andhra Pradesh,104256
ADDR_00038,79 MG Road,Whitefield,Mumbai,Maharashtra,214276
ADDR_00039,13 Gandhi Nagar,Madhapur,Bhubaneswar,Odisha,768728
ADDR_00040,228 Market Road,Vashi,Chennai,Tamil Nadu,493003
ADDR_00041,94 Industrial Road,Vashi,Ahmedabad,Gujarat,786798
ADDR_00042,173 Station Road,Madhapur,Bhubaneswar,Odisha,111367
ADDR_00043,2 Main Street,T Nagar,Bengaluru,Karnataka,697246
ADDR_00044,71 Lake View Road,Civil Lines,Jaipur,Rajasthan,325480
ADDR_00045,143 Market Road,Whitefield,Raipur,Chhattisgarh,714955
ADDR_00046,189 MG Road,Industrial Area,Panaji,Goa,693195
ADDR_00047,152 MG Road,Sector 18,Ahmedabad,Gujarat,187768
ADDR_00048,75 MG Road,Sector 18,Indore,Madhya Pradesh,264669
ADDR_00049,41 Temple Street,Andheri,Bengaluru,Karnataka,680815
ADDR_00050,97 Lake View Road,Kukatpally,Kochi,Kerala,452657
ADDR_00051,46 Main Street,Civil Lines,Ahmedabad,Gujarat,561662
ADDR_00052,163 Industrial Road,Whitefield,Bengaluru,Karnataka,848656
ADDR_00053,64 Temple Street,Central,Hyderabad,Telangana,895450
ADDR_00054,31 Main Street,Old Town,Delhi,Delhi,465024
ADDR_00055,217 Lake View Road,Central,Noida,Uttar Pradesh,430657
ADDR_00056,119 MG Road,Industrial Area,Noida,Uttar Pradesh,680417
ADDR_00057,53 Lake View Road,Civil Lines,Delhi,Delhi,738146
ADDR_00058,167 MG Road,Aluva,Raipur,Chhattisgarh,639336
ADDR_00059,134 Industrial Road,Central,Hyderabad,Telangana,567779
ADDR_00060,201 Industrial Road,Civil Lines,Ranchi,Jharkhand,148653
ADDR_00061,76 Station Road,Kukatpally,Bengaluru,Karnataka,263998
ADDR_00062,144 Lake View Road,Aluva,Ahmedabad,Gujarat,181795
ADDR_00063,134 MG Road,Central,Vijayawada,Andhra Pradesh,824938
ADDR_00064,224 MG Road,Kukatpally,Delhi,Delhi,390019
ADDR_00065,54 MG Road,Whitefield,Bengaluru,Karnataka,608841
ADDR_00066,183 Temple Street,Sector 18,Hyderabad,Telangana,367977
ADDR_00067,63 Main Street,Central,Ranchi,Jharkhand,116187
ADDR_00068,240 Industrial Road,Whitefield,Bengaluru,Karnataka,801313
ADDR_00069,72 Temple Street,Whitefield,Indore,Madhya Pradesh,250526
ADDR_00070,65 Gandhi Nagar,Whitefield,Indore,Madhya Pradesh,483522
ADDR_00071,192 Main Street,Kukatpally,Kolkata,West Bengal,897888
ADDR_00072,129 Market Road,Sector 18,Ranchi,Jharkhand,207820
ADDR_00073,190 Temple Street,Madhapur,Patna,Bihar,265925
ADDR_00074,90 Industrial Road,Whitefield,Patna,Bihar,822468
ADDR_00075,101 Gandhi Nagar,Civil Lines,Kolkata,West Bengal,331872
ADDR_00076,102 MG Road,Old Town,Kochi,Kerala,571140
ADDR_00077,32 Market Road,Vashi,Panaji,Goa,645297
ADDR_00078,103 MG Road,Aluva,Chennai,Tamil Nadu,289547
ADDR_00079,158 Main Street,T Nagar,Raipur,Chhattisgarh,369703
ADDR_00080,47 Gandhi Nagar,Sector 18,Hyderabad,Telangana,723252
ADDR_00081,88 Market Road,Aluva,Indore,Madhya Pradesh,384801
ADDR_00082,228 Industrial Road,Sector 18,Delhi,Delhi,158272
ADDR_00083,58 Market Road,T Nagar,Ahmedabad,Gujarat,890106
ADDR_00084,194 MG Road,Civil Lines,Vijayawada,Andhra Pradesh,140251
ADDR_00085,174 Temple Street,Aluva,Kolkata,West Bengal,827223
ADDR_00086,98 Gandhi Nagar,Kukatpally,Kolkata,West Bengal,528643
ADDR_00087,79 Station Road,Civil Lines,Indore,Madhya Pradesh,519579
ADDR_00088,31 Lake View Road,Kukatpally,Kochi,Kerala,162090
ADDR_00089,192 Lake View Road,Old Town,Bengaluru,Karnataka,739132
ADDR_00090,108 Market Road,Central,Kochi,Kerala,431756
ADDR_00091,36 Main Street,T Nagar,Mumbai,Maharashtra,334809
ADDR_00092,61 Lake View Road,Madhapur,Ahmedabad,Gujarat,392810
ADDR_00093,222 Lake View Road,Whitefield,Jaipur,Rajasthan,798092
ADDR_00094,227 Main Street,Vashi,Kochi,Kerala,753708
ADDR_00095,50 Temple Street,Madhapur,Jaipur,Rajasthan,772074
ADDR_00096,14 Industrial Road,Andheri,Bhubaneswar,Odisha,503648
ADDR_00097,109 Industrial Road,Old Town,Delhi,Delhi,323719
ADDR_00098,76 MG Road,T Nagar,Vijayawada,Andhra Pradesh,474015
ADDR_00099,238 MG Road,T Nagar,Jaipur,Rajasthan,736795
ADDR_00100,59 MG Road,Civil Lines,Ranchi,Jharkhand,617989
ADDR_00101,36 Market Road,Civil Lines,Bhubaneswar,Odisha,781619
ADDR_00102,48 Main Street,Andheri,Raipur,Chhattisgarh,867989
ADDR_00103,124 Industrial Road,Kukatpally,Kolkata,West Bengal,629028
ADDR_00104,40 Market Road,Industrial Area,Bhubaneswar,Odisha,855270
ADDR_00105,53 Market Road,Whitefield,Noida,Uttar Pradesh,453031
ADDR_00106,222 Station Road,Central,Chennai,Tamil Nadu,164822
ADDR_00107,115 Lake View Road,Kukatpally,Raipur,Chhattisgarh,899195
ADDR_00108,50 Gandhi Nagar,Andheri,Ranchi,Jharkhand,790050
ADDR_00109,51 Main Street,Sector 18,Chennai,Tamil Nadu,834477
ADDR_00110,174 MG Road,Madhapur,Noida,Uttar Pradesh,859064
ADDR_00111,176 Industrial Road,Whitefield,Kochi,Kerala,118645
ADDR_00112,213 MG Road,Kukatpally,Patna,Bihar,531508
ADDR_00113,65 Market Road,T Nagar,Indore,Madhya Pradesh,182524
ADDR_00114,73 Temple Street,Central,Patna,Bihar,349797
ADDR_00115,124 MG Road,Madhapur,Hyderabad,Telangana,108979
ADDR_00116,173 Gandhi Nagar,Andheri,Delhi,Delhi,204508
ADDR_00117,55 Lake View Road,Aluva,Kochi,Kerala,741417
ADDR_00118,226 Station Road,Industrial Area,Raipur,Chhattisgarh,792046
ADDR_00119,100 Market Road,Kukatpally,Ahmedabad,Gujarat,233139
ADDR_00120,22 Station Road,Aluva,Ahmedabad,Gujarat,808147
ADDR_00121,154 Lake View Road,Whitefield,Vijayawada,Andhra Pradesh,443313
ADDR_00122,121 Industrial Road,Vashi,Mumbai,Maharashtra,700737
ADDR_00123,222 Industrial Road,Vashi,Bhubaneswar,Odisha,486370
ADDR_00124,153 Industrial Road,Whitefield,Noida,Uttar Pradesh,276849
ADDR_00125,116 Station Road,T Nagar,Bengaluru,Karnataka,737344
ADDR_00126,183 Industrial Road,Central,Patna,Bihar,183275
ADDR_00127,222 Main Street,Civil Lines,Patna,Bihar,213765
ADDR_00128,164 Lake View Road,Industrial Area,Bhubaneswar,Odisha,572402
ADDR_00129,237 Main Street,Industrial Area,Delhi,Delhi,392322
ADDR_00130,31 Main Street,Vashi,Chennai,Tamil Nadu,750102
ADDR_00131,157 Market Road,Sector 18,Kochi,Kerala,806669
ADDR_00132,32 Industrial Road,Aluva,Indore,Madhya Pradesh,439689
ADDR_00133,90 Lake View Road,T Nagar,Indore,Madhya Pradesh,516358
ADDR_00134,121 Industrial Road,Central,Bengaluru,Karnataka,638115
ADDR_00135,221 Temple Street,Sector 18,Vijayawada,Andhra Pradesh,162445
ADDR_00136,5 Market Road,T Nagar,Noida,Uttar Pradesh,481356
ADDR_00137,202 Station Road,Vashi,Ahmedabad,Gujarat,799647
ADDR_00138,196 Industrial Road,Vashi,Chennai,Tamil Nadu,601842
ADDR_00139,196 MG Road,Central,Kolkata,West Bengal,235144
ADDR_00140,11 Gandhi Nagar,Whitefield,Bhubaneswar,Odisha,409457
ADDR_00141,7 Lake View Road,Andheri,Panaji,Goa,817426
ADDR_00142,40 MG Road,Central,Kochi,Kerala,861493
ADDR_00143,160 Station Road,Central,Patna,Bihar,241642
ADDR_00144,135 Main Street,Andheri,Vijayawada,Andhra Pradesh,127263
ADDR_00145,141 Station Road,Central,Patna,Bihar,682317
ADDR_00146,154 Station Road,Andheri,Panaji,Goa,874121
ADDR_00147,107 MG Road,Madhapur,Noida,Uttar Pradesh,632861
ADDR_00148,205 Gandhi Nagar,Madhapur,Ahmedabad,Gujarat,107681
ADDR_00149,230 Main Street,Civil Lines,Bhubaneswar,Odisha,563531
ADDR_00150,161 Gandhi Nagar,Old Town,Noida,Uttar Pradesh,691097
ADDR_00151,15 Industrial Road,Vashi,Chennai,Tamil Nadu,563113
ADDR_00152,100 MG Road,Andheri,Indore,Madhya Pradesh,867193
ADDR_00153,218 Gandhi Nagar,Old Town,Panaji,Goa,700430
ADDR_00154,28 Gandhi Nagar,Industrial Area,Ranchi,Jharkhand,842983
ADDR_00155,108 Main Street,Aluva,Panaji,Goa,674203
ADDR_00156,48 Station Road,Andheri,Kochi,Kerala,587660
ADDR_00157,130 Main Street,Kukatpally,Patna,Bihar,887759
ADDR_00158,104 Station Road,Kukatpally,Hyderabad,Telangana,708975
ADDR_00159,42 Gandhi Nagar,Old Town,Hyderabad,Telangana,706761
ADDR_00160,172 Main Street,Industrial Area,Kochi,Kerala,264630
ADDR_00161,100 Main Street,Vashi,Raipur,Chhattisgarh,740369
ADDR_00162,106 MG Road,Vashi,Patna,Bihar,130046
ADDR_00163,100 Lake View Road,Industrial Area,Chennai,Tamil Nadu,475144
ADDR_00164,202 Main Street,Civil Lines,Indore,Madhya Pradesh,302271
ADDR_00165,30 Temple Street,Andheri,Ahmedabad,Gujarat,498840
ADDR_00166,218 MG Road,Industrial Area,Mumbai,Maharashtra,646314
ADDR_00167,137 Gandhi Nagar,Vashi,Bengaluru,Karnataka,577768
ADDR_00168,218 Market Road,Madhapur,Kolkata,West Bengal,826682
ADDR_00169,54 Temple Street,Central,Jaipur,Rajasthan,594732
ADDR_00170,172 Lake View Road,Vashi,Noida,Uttar Pradesh,176434
ADDR_00171,92 Industrial Road,Sector 18,Delhi,Delhi,355481
ADDR_00172,40 MG Road,Madhapur,Kochi,Kerala,752668
ADDR_00173,72 Main Street,Kukatpally,Bhubaneswar,Odisha,487621
ADDR_00174,188 Temple Street,Central,Jaipur,Rajasthan,281345
ADDR_00175,135 Market Road,Sector 18,Noida,Uttar Pradesh,532914
ADDR_00176,59 Main Street,Madhapur,Ahmedabad,Gujarat,150270
ADDR_00177,191 Temple Street,Industrial Area,Indore,Madhya Pradesh,474671
ADDR_00178,107 Market Road,Kukatpally,Vijayawada,Andhra Pradesh,654698
ADDR_00179,161 Market Road,Vashi,Kolkata,West Bengal,671206
ADDR_00180,151 Market Road,Vashi,Mumbai,Maharashtra,267484
ADDR_00181,152 MG Road,Civil Lines,Vijayawada,Andhra Pradesh,879856
ADDR_00182,72 MG Road,Vashi,Chennai,Tamil Nadu,262329
ADDR_00183,174 Gandhi Nagar,Industrial Area,Vijayawada,Andhra Pradesh,160970
ADDR_00184,75 Station Road,Central,Kolkata,West Bengal,635778
ADDR_00185,95 Temple Street,Aluva,Bhubaneswar,Odisha,633156
ADDR_00186,69 Main Street,Vashi,Ranchi,Jharkhand,224235
ADDR_00187,221 Lake View Road,Madhapur,Hyderabad,Telangana,514001
ADDR_00188,3 Main Street,T Nagar,Mumbai,Maharashtra,726355
ADDR_00189,193 Gandhi Nagar,Industrial Area,Ahmedabad,Gujarat,686016
ADDR_00190,124 Station Road,Industrial Area,Ahmedabad,Gujarat,274462
ADDR_00191,33 Temple Street,Industrial Area,Jaipur,Rajasthan,790183
ADDR_00192,155 Main Street,Central,Ahmedabad,Gujarat,551632
ADDR_00193,86 Market Road,T Nagar,Delhi,Delhi,531928
ADDR_00194,175 MG Road,Whitefield,Kolkata,West Bengal,663320
ADDR_00195,3 Station Road,Madhapur,Bhubaneswar,Odisha,443313
ADDR_00196,150 Main Street,Civil Lines,Raipur,Chhattisgarh,727461
ADDR_00197,185 Station Road,Aluva,Mumbai,Maharashtra,847754
ADDR_00198,121 MG Road,Central,Kolkata,West Bengal,153567
ADDR_00199,162 Gandhi Nagar,Kukatpally,Panaji,Goa,788406
ADDR_00200,215 Market Road,Civil Lines,Indore,Madhya Pradesh,408108
ADDR_00201,58 Main Street,Andheri,Kochi,Kerala,878837
ADDR_00202,227 MG Road,Industrial Area,Chennai,Tamil Nadu,857209
ADDR_00203,53 Market Road,T Nagar,Bhubaneswar,Odisha,560858
ADDR_00204,73 Lake View Road,Whitefield,Kochi,Kerala,527317
ADDR_00205,82 Station Road,Sector 18,Jaipur,Rajasthan,733176
ADDR_00206,3 Lake View Road,Sector 18,Delhi,Delhi,299141
ADDR_00207,10 Gandhi Nagar,T Nagar,Patna,Bihar,338161
ADDR_00208,43 Lake View Road,T Nagar,Jaipur,Rajasthan,315270
ADDR_00209,124 Lake View Road,Whitefield,Bhubaneswar,Odisha,219495
ADDR_00210,83 Lake View Road,Central,Kolkata,West Bengal,603943
ADDR_00211,105 Lake View Road,Industrial Area,Kochi,Kerala,301287
ADDR_00212,160 Temple Street,Andheri,Raipur,Chhattisgarh,851843
ADDR_00213,8 MG Road,Old Town,Kochi,Kerala,344841
ADDR_00214,50 Temple Street,Andheri,Noida,Uttar Pradesh,183646
ADDR_00215,200 Industrial Road,Sector 18,Bhubaneswar,Odisha,380685
ADDR_00216,111 MG Road,Kukatpally,Mumbai,Maharashtra,232439
ADDR_00217,59 Temple Street,Whitefield,Kochi,Kerala,337031
ADDR_00218,79 Temple Street,Madhapur,Patna,Bihar,712545
ADDR_00219,71 MG Road,Central,Panaji,Goa,522930
ADDR_00220,211 Station Road,Industrial Area,Bhubaneswar,Odisha,424133
ADDR_00221,144 Station Road,T Nagar,Raipur,Chhattisgarh,126519
ADDR_00222,164 Station Road,Sector 18,Ahmedabad,Gujarat,523913
ADDR_00223,127 Main Street,Whitefield,Chennai,Tamil Nadu,560543
ADDR_00224,72 MG Road,Andheri,Raipur,Chhattisgarh,481909
ADDR_00225,76 MG Road,Kukatpally,Raipur,Chhattisgarh,826878
ADDR_00226,73 Temple Street,Whitefield,Jaipur,Rajasthan,384530
ADDR_00227,72 Station Road,Andheri,Vijayawada,Andhra Pradesh,406316
ADDR_00228,144 Gandhi Nagar,Civil Lines,Kochi,Kerala,171983
ADDR_00229,99 Industrial Road,Sector 18,Ahmedabad,Gujarat,836668
ADDR_00230,127 Main Street,Old Town,Vijayawada,Andhra Pradesh,241806
ADDR_00231,99 Industrial Road,Civil Lines,Panaji,Goa,538648
ADDR_00232,220 MG Road,Aluva,Bengaluru,Karnataka,447694
ADDR_00233,128 Gandhi Nagar,Andheri,Indore,Madhya Pradesh,166131
ADDR_00234,108 Main Street,Madhapur,Kochi,Kerala,448964
ADDR_00235,233 Industrial Road,Sector 18,Bhubaneswar,Odisha,862253
ADDR_00236,115 Market Road,Old Town,Panaji,Goa,381079
ADDR_00237,175 Temple Street,Sector 18,Indore,Madhya Pradesh,192287
ADDR_00238,54 Temple Street,Industrial Area,Raipur,Chhattisgarh,132220
ADDR_00239,61 MG Road,Civil Lines,Bhubaneswar,Odisha,541089
ADDR_00240,144 Main Street,T Nagar,Panaji,Goa,205496
ADDR_00241,15 Industrial Road,Industrial Area,Jaipur,Rajasthan,496784
ADDR_00242,219 Market Road,T Nagar,Chennai,Tamil Nadu,452845
ADDR_00243,153 Main Street,Andheri,Kolkata,West Bengal,643612
ADDR_00244,165 MG Road,Whitefield,Kolkata,West Bengal,635097
ADDR_00245,32 Lake View Road,Aluva,Noida,Uttar Pradesh,610344
ADDR_00246,147 Gandhi Nagar,Whitefield,Kolkata,West Bengal,110356
ADDR_00247,33 Station Road,Central,Delhi,Delhi,599232
ADDR_00248,110 Main Street,Andheri,Mumbai,Maharashtra,417061
ADDR_00249,11 Station Road,Madhapur,Bengaluru,Karnataka,696521
ADDR_00250,6 Market Road,Sector 18,Noida,Uttar Pradesh,115311
ADDR_00251,27 Station Road,Vashi,Delhi,Delhi,532685
ADDR_00252,54 Industrial Road,Vashi,Kochi,Kerala,644518
ADDR_00253,219 Main Street,Whitefield,Ahmedabad,Gujarat,521213
ADDR_00254,15 Market Road,Sector 18,Panaji,Goa,717802
ADDR_00255,143 Gandhi Nagar,Old Town,Bhubaneswar,Odisha,307404
ADDR_00256,139 Gandhi Nagar,Madhapur,Bhubaneswar,Odisha,817375
ADDR_00257,29 MG Road,Central,Delhi,Delhi,893189
ADDR_00258,210 Temple Street,T Nagar,Panaji,Goa,408045
ADDR_00259,133 Temple Street,Vashi,Jaipur,Rajasthan,515397
ADDR_00260,213 Temple Street,Whitefield,Indore,Madhya Pradesh,277577
ADDR_00261,88 Market Road,Sector 18,Jaipur,Rajasthan,822202
ADDR_00262,146 Main Street,Sector 18,Raipur,Chhattisgarh,226033
ADDR_00263,51 Market Road,Kukatpally,Delhi,Delhi,497499
ADDR_00264,158 Lake View Road,Central,Patna,Bihar,643540
ADDR_00265,26 Station Road,Central,Kochi,Kerala,131005
ADDR_00266,165 Lake View Road,Industrial Area,Ahmedabad,Gujarat,783859
ADDR_00267,148 Lake View Road,T Nagar,Chennai,Tamil Nadu,603852
ADDR_00268,116 Industrial Road,Central,Chennai,Tamil Nadu,619709
ADDR_00269,31 Temple Street,Vashi,Ranchi,Jharkhand,193503
ADDR_00270,213 Station Road,Sector 18,Indore,Madhya Pradesh,117963
ADDR_00271,3 Lake View Road,Andheri,Vijayawada,Andhra Pradesh,837973
ADDR_00272,105 Main Street,Kukatpally,Chennai,Tamil Nadu,497312
ADDR_00273,73 Main Street,Whitefield,Panaji,Goa,568221
ADDR_00274,11 Gandhi Nagar,T Nagar,Indore,Madhya Pradesh,790892
ADDR_00275,122 MG Road,Whitefield,Jaipur,Rajasthan,880041
ADDR_00276,115 Industrial Road,Kukatpally,Ahmedabad,Gujarat,831273
ADDR_00277,31 Temple Street,Madhapur,Patna,Bihar,305600
ADDR_00278,240 Station Road,Central,Panaji,Goa,337672
ADDR_00279,71 Station Road,Old Town,Vijayawada,Andhra Pradesh,490530
ADDR_00280,93 Industrial Road,Old Town,Delhi,Delhi,250423
ADDR_00281,239 Industrial Road,Industrial Area,Bhubaneswar,Odisha,412396
ADDR_00282,96 Lake View Road,Industrial Area,Vijayawada,Andhra Pradesh,772017
ADDR_00283,203 Gandhi Nagar,Old Town,Noida,Uttar Pradesh,806641
ADDR_00284,175 Gandhi Nagar,Old Town,Indore,Madhya Pradesh,212968
ADDR_00285,145 Temple Street,Whitefield,Delhi,Delhi,146489
ADDR_00286,193 Lake View Road,Aluva,Delhi,Delhi,220927
ADDR_00287,55 Market Road,Central,Kolkata,West Bengal,815579
ADDR_00288,206 Temple Street,Madhapur,Kochi,Kerala,728776
ADDR_00289,174 Temple Street,Central,Noida,Uttar Pradesh,479648
ADDR_00290,163 Gandhi Nagar,Sector 18,Raipur,Chhattisgarh,836110
ADDR_00291,38 Market Road,Madhapur,Noida,Uttar Pradesh,437821
ADDR_00292,179 Market Road,T Nagar,Patna,Bihar,716949
ADDR_00293,186 Temple Street,Madhapur,Jaipur,Rajasthan,448715
ADDR_00294,101 Main Street,Kukatpally,Raipur,Chhattisgarh,137785
ADDR_00295,10 Lake View Road,Madhapur,Panaji,Goa,742971
ADDR_00296,134 Industrial Road,Aluva,Raipur,Chhattisgarh,489953
ADDR_00297,87 Industrial Road,Civil Lines,Chennai,Tamil Nadu,455737
ADDR_00298,226 Market Road,Sector 18,Panaji,Goa,804975
ADDR_00299,205 Gandhi Nagar,Sector 18,Raipur,Chhattisgarh,356424
ADDR_00300,221 Main Street,Andheri,Kolkata,West Bengal,121232
ADDR_00301,213 Lake View Road,Vashi,Raipur,Chhattisgarh,168935
ADDR_00302,105 Temple Street,Sector 18,Chennai,Tamil Nadu,280438
ADDR_00303,90 MG Road,Sector 18,Noida,Uttar Pradesh,352668
ADDR_00304,224 MG Road,Central,Bhubaneswar,Odisha,240442
ADDR_00305,69 Industrial Road,Whitefield,Raipur,Chhattisgarh,598119
ADDR_00306,2 MG Road,Central,Indore,Madhya Pradesh,171856
ADDR_00307,102 MG Road,Andheri,Chennai,Tamil Nadu,866411
ADDR_00308,212 Temple Street,Andheri,Jaipur,Rajasthan,617682
ADDR_00309,22 Gandhi Nagar,Central,Vijayawada,Andhra Pradesh,328634
ADDR_00310,229 Lake View Road,T Nagar,Panaji,Goa,354672
ADDR_00311,211 Lake View Road,Old Town,Vijayawada,Andhra Pradesh,560349
ADDR_00312,228 Main Street,T Nagar,Chennai,Tamil Nadu,694152
ADDR_00313,88 Market Road,Old Town,Bengaluru,Karnataka,445300
ADDR_00314,189 Temple Street,Industrial Area,Chennai,Tamil Nadu,478981
ADDR_00315,218 MG Road,Civil Lines,Kolkata,West Bengal,630534
ADDR_00316,69 Market Road,Whitefield,Delhi,Delhi,421337
ADDR_00317,223 Station Road,Vashi,Noida,Uttar Pradesh,890197
ADDR_00318,211 Gandhi Nagar,Vashi,Kolkata,West Bengal,724159
ADDR_00319,162 Market Road,Aluva,Delhi,Delhi,406403
ADDR_00320,43 Gandhi Nagar,Industrial Area,Bhubaneswar,Odisha,225358
ADDR_00321,193 Temple Street,Old Town,Panaji,Goa,835240
ADDR_00322,219 MG Road,Civil Lines,Ranchi,Jharkhand,301955
ADDR_00323,38 MG Road,Aluva,Mumbai,Maharashtra,478731
ADDR_00324,55 Industrial Road,Andheri,Vijayawada,Andhra Pradesh,893152
ADDR_00325,87 Gandhi Nagar,Sector 18,Noida,Uttar Pradesh,692942
ADDR_00326,30 Lake View Road,T Nagar,Ranchi,Jharkhand,723814
ADDR_00327,45 Station Road,Whitefield,Raipur,Chhattisgarh,136027
ADDR_00328,162 Market Road,Madhapur,Ranchi,Jharkhand,294845
ADDR_00329,164 Industrial Road,Vashi,Panaji,Goa,116183
ADDR_00330,134 Main Street,T Nagar,Ranchi,Jharkhand,323603
ADDR_00331,116 Gandhi Nagar,Civil Lines,Chennai,Tamil Nadu,690237
ADDR_00332,139 Temple Street,Kukatpally,Patna,Bihar,155886
ADDR_00333,132 Industrial Road,Sector 18,Ahmedabad,Gujarat,384360
ADDR_00334,5 Main Street,Kukatpally,Delhi,Delhi,151193
ADDR_00335,122 Temple Street,Vashi,Vijayawada,Andhra Pradesh,246795
ADDR_00336,113 MG Road,Vashi,Indore,Madhya Pradesh,253378
ADDR_00337,93 MG Road,Old Town,Kochi,Kerala,470998
ADDR_00338,200 Gandhi Nagar,Central,Bengaluru,Karnataka,161468
ADDR_00339,120 Industrial Road,Whitefield,Ranchi,Jharkhand,658372
ADDR_00340,48 MG Road,Vashi,Mumbai,Maharashtra,642188
ADDR_00341,184 Main Street,Sector 18,Raipur,Chhattisgarh,899354
ADDR_00342,102 Main Street,Civil Lines,Delhi,Delhi,671086
ADDR_00343,234 Main Street,Civil Lines,Bhubaneswar,Odisha,517861
ADDR_00344,153 Main Street,Madhapur,Chennai,Tamil Nadu,779475
ADDR_00345,23 Main Street,Sector 18,Jaipur,Rajasthan,824799
ADDR_00346,28 Gandhi Nagar,Old Town,Jaipur,Rajasthan,236453
ADDR_00347,114 Temple Street,Aluva,Kolkata,West Bengal,541762
ADDR_00348,212 Market Road,Old Town,Hyderabad,Telangana,609963
ADDR_00349,100 Temple Street,Madhapur,Chennai,Tamil Nadu,396799
ADDR_00350,75 Gandhi Nagar,T Nagar,Vijayawada,Andhra Pradesh,770024
ADDR_00351,41 Main Street,Andheri,Raipur,Chhattisgarh,668355
ADDR_00352,143 Main Street,Andheri,Indore,Madhya Pradesh,178246
ADDR_00353,223 MG Road,Andheri,Ranchi,Jharkhand,295903
ADDR_00354,145 Market Road,Central,Vijayawada,Andhra Pradesh,517354
ADDR_00355,108 MG Road,Aluva,Hyderabad,Telangana,104791
ADDR_00356,8 Industrial Road,Andheri,Kochi,Kerala,588872
ADDR_00357,65 Station Road,Kukatpally,Bengaluru,Karnataka,665403
ADDR_00358,51 Station Road,Central,Mumbai,Maharashtra,716182
ADDR_00359,235 MG Road,Old Town,Vijayawada,Andhra Pradesh,404003
ADDR_00360,27 Station Road,Aluva,Patna,Bihar,532520
ADDR_00361,91 Main Street,Industrial Area,Ranchi,Jharkhand,166290
ADDR_00362,29 Gandhi Nagar,Madhapur,Kolkata,West Bengal,540970
ADDR_00363,112 Temple Street,Industrial Area,Hyderabad,Telangana,273849
ADDR_00364,85 Industrial Road,Sector 18,Ranchi,Jharkhand,279684
ADDR_00365,86 Main Street,Whitefield,Panaji,Goa,500968
ADDR_00366,137 MG Road,Aluva,Bengaluru,Karnataka,421881
ADDR_00367,173 Temple Street,Aluva,Bhubaneswar,Odisha,350914
ADDR_00368,143 MG Road,Industrial Area,Ranchi,Jharkhand,487879
ADDR_00369,230 Industrial Road,Industrial Area,Hyderabad,Telangana,124214
ADDR_00370,16 Gandhi Nagar,Old Town,Patna,Bihar,529428
ADDR_00371,208 Lake View Road,Madhapur,Hyderabad,Telangana,224366
ADDR_00372,212 Gandhi Nagar,Civil Lines,Vijayawada,Andhra Pradesh,314518
ADDR_00373,101 MG Road,T Nagar,Bhubaneswar,Odisha,377042
ADDR_00374,114 Lake View Road,Aluva,Kolkata,West Bengal,398836
ADDR_00375,158 Main Street,Civil Lines,Hyderabad,Telangana,717669
ADDR_00376,147 Gandhi Nagar,Central,Bhubaneswar,Odisha,406063
ADDR_00377,86 Gandhi Nagar,Aluva,Mumbai,Maharashtra,872885
ADDR_00378,51 Lake View Road,Civil Lines,Chennai,Tamil Nadu,561995
ADDR_00379,91 Market Road,Kukatpally,Kolkata,West Bengal,177172
ADDR_00380,147 Gandhi Nagar,T Nagar,Noida,Uttar Pradesh,648987
ADDR_00381,146 Station Road,Civil Lines,Kochi,Kerala,135170
ADDR_00382,189 Main Street,Madhapur,Noida,Uttar Pradesh,218619
ADDR_00383,46 Main Street,T Nagar,Kolkata,West Bengal,528438
ADDR_00384,127 Market Road,Central,Kolkata,West Bengal,181077
ADDR_00385,123 MG Road,Vashi,Kolkata,West Bengal,777874
ADDR_00386,30 Gandhi Nagar,Aluva,Bengaluru,Karnataka,793089
ADDR_00387,103 Lake View Road,Civil Lines,Mumbai,Maharashtra,643896
ADDR_00388,12 MG Road,Old Town,Chennai,Tamil Nadu,561973
ADDR_00389,108 Industrial Road,Civil Lines,Mumbai,Maharashtra,788696
ADDR_00390,184 Main Street,Industrial Area,Mumbai,Maharashtra,280321
ADDR_00391,71 MG Road,Industrial Area,Bhubaneswar,Odisha,874693
ADDR_00392,206 MG Road,Vashi,Indore,Madhya Pradesh,301454
ADDR_00393,32 Station Road,Old Town,Ahmedabad,Gujarat,598058
ADDR_00394,104 Market Road,Civil Lines,Mumbai,Maharashtra,184928
ADDR_00395,20 Industrial Road,T Nagar,Delhi,Delhi,695523
ADDR_00396,193 Industrial Road,Industrial Area,Patna,Bihar,832622
ADDR_00397,41 Main Street,Civil Lines,Panaji,Goa,272730
ADDR_00398,35 Temple Street,Aluva,Patna,Bihar,373924
ADDR_00399,142 Station Road,Whitefield,Indore,Madhya Pradesh,268534
ADDR_00400,120 MG Road,Kukatpally,Raipur,Chhattisgarh,696728
ADDR_00401,191 Temple Street,Vashi,Panaji,Goa,153275
ADDR_00402,37 MG Road,Kukatpally,Indore,Madhya Pradesh,861934
ADDR_00403,162 Lake View Road,Aluva,Raipur,Chhattisgarh,482800
ADDR_00404,10 Temple Street,Industrial Area,Indore,Madhya Pradesh,563252
ADDR_00405,24 Main Street,Andheri,Chennai,Tamil Nadu,102712
ADDR_00406,208 Industrial Road,Central,Bengaluru,Karnataka,853096
ADDR_00407,42 Industrial Road,Civil Lines,Panaji,Goa,425831
ADDR_00408,197 MG Road,Kukatpally,Bengaluru,Karnataka,558858
ADDR_00409,151 MG Road,Kukatpally,Raipur,Chhattisgarh,798552
ADDR_00410,154 Main Street,Whitefield,Kolkata,West Bengal,123949
ADDR_00411,237 Main Street,Aluva,Ahmedabad,Gujarat,318919
ADDR_00412,223 Temple Street,Sector 18,Noida,Uttar Pradesh,240951
ADDR_00413,142 Gandhi Nagar,Kukatpally,Panaji,Goa,106255
ADDR_00414,234 Temple Street,Vashi,Raipur,Chhattisgarh,754131
ADDR_00415,150 Lake View Road,Andheri,Chennai,Tamil Nadu,390110
ADDR_00416,153 Gandhi Nagar,T Nagar,Ranchi,Jharkhand,274144
ADDR_00417,232 Station Road,Vashi,Patna,Bihar,667136
ADDR_00418,124 Station Road,Whitefield,Indore,Madhya Pradesh,188001
ADDR_00419,154 Gandhi Nagar,T Nagar,Kolkata,West Bengal,316855
ADDR_00420,29 Main Street,Kukatpally,Kolkata,West Bengal,265405
ADDR_00421,228 Gandhi Nagar,Central,Ahmedabad,Gujarat,240968
ADDR_00422,123 Industrial Road,Madhapur,Kolkata,West Bengal,185048
ADDR_00423,217 Main Street,Madhapur,Kochi,Kerala,478896
ADDR_00424,237 Station Road,Whitefield,Vijayawada,Andhra Pradesh,404606
ADDR_00425,227 Main Street,Civil Lines,Jaipur,Rajasthan,330700
ADDR_00426,101 Temple Street,Old Town,Noida,Uttar Pradesh,259448
ADDR_00427,211 Industrial Road,Vashi,Mumbai,Maharashtra,592536
ADDR_00428,32 Industrial Road,T Nagar,Kochi,Kerala,649438
ADDR_00429,77 Lake View Road,Central,Jaipur,Rajasthan,261804
ADDR_00430,50 Gandhi Nagar,Civil Lines,Bengaluru,Karnataka,857718
ADDR_00431,56 Main Street,Madhapur,Delhi,Delhi,809570
ADDR_00432,41 Lake View Road,Central,Kolkata,West Bengal,149296
ADDR_00433,229 Lake View Road,Sector 18,Panaji,Goa,270298
ADDR_00434,31 Gandhi Nagar,Vashi,Noida,Uttar Pradesh,567608
ADDR_00435,215 Gandhi Nagar,Sector 18,Kochi,Kerala,784326
ADDR_00436,159 Main Street,Industrial Area,Delhi,Delhi,290026
ADDR_00437,44 Lake View Road,Central,Kolkata,West Bengal,514924
ADDR_00438,49 Temple Street,Civil Lines,Panaji,Goa,240810
ADDR_00439,203 Market Road,Old Town,Kolkata,West Bengal,659052
ADDR_00440,141 Temple Street,Old Town,Raipur,Chhattisgarh,587446
ADDR_00441,103 Temple Street,Vashi,Patna,Bihar,595839
ADDR_00442,51 Main Street,Whitefield,Bhubaneswar,Odisha,751960
ADDR_00443,30 Market Road,Whitefield,Mumbai,Maharashtra,539075
ADDR_00444,52 Industrial Road,T Nagar,Panaji,Goa,396796
ADDR_00445,149 Temple Street,T Nagar,Panaji,Goa,606453
ADDR_00446,195 Station Road,Industrial Area,Raipur,Chhattisgarh,115548
ADDR_00447,68 Main Street,Madhapur,Kolkata,West Bengal,465363
ADDR_00448,67 Lake View Road,Madhapur,Ranchi,Jharkhand,164468
ADDR_00449,96 Market Road,Whitefield,Kochi,Kerala,758386
ADDR_00450,235 Market Road,Madhapur,Patna,Bihar,791564
ADDR_00451,227 Market Road,Andheri,Ranchi,Jharkhand,183734
ADDR_00452,158 Main Street,Aluva,Indore,Madhya Pradesh,102677
ADDR_00453,187 Main Street,Vashi,Hyderabad,Telangana,886639
ADDR_00454,12 Lake View Road,Andheri,Delhi,Delhi,697096
ADDR_00455,88 Industrial Road,Vashi,Ahmedabad,Gujarat,341905
ADDR_00456,1 Lake View Road,Whitefield,Patna,Bihar,717200
ADDR_00457,32 Industrial Road,Andheri,Ranchi,Jharkhand,668283
ADDR_00458,129 Station Road,Vashi,Kolkata,West Bengal,667289
ADDR_00459,116 Station Road,Madhapur,Jaipur,Rajasthan,314505
ADDR_00460,123 Temple Street,Aluva,Kochi,Kerala,259482
ADDR_00461,176 Main Street,Civil Lines,Bhubaneswar,Odisha,294649
ADDR_00462,41 Station Road,Central,Raipur,Chhattisgarh,181765
ADDR_00463,148 Temple Street,Central,Kochi,Kerala,852623
ADDR_00464,24 Temple Street,Industrial Area,Noida,Uttar Pradesh,693434
ADDR_00465,23 Lake View Road,Vashi,Jaipur,Rajasthan,130369
ADDR_00466,23 Gandhi Nagar,Andheri,Kochi,Kerala,805276
ADDR_00467,218 Market Road,Central,Bhubaneswar,Odisha,395039
ADDR_00468,19 Main Street,Industrial Area,Indore,Madhya Pradesh,197646
ADDR_00469,42 Temple Street,Civil Lines,Kochi,Kerala,793058
ADDR_00470,139 Industrial Road,Vashi,Panaji,Goa,804730
ADDR_00471,74 Main Street,Madhapur,Noida,Uttar Pradesh,596921
ADDR_00472,56 Industrial Road,Kukatpally,Vijayawada,Andhra Pradesh,728542
ADDR_00473,71 Industrial Road,Kukatpally,Ranchi,Jharkhand,669732
ADDR_00474,225 Market Road,T Nagar,Noida,Uttar Pradesh,558914
ADDR_00475,64 Industrial Road,Madhapur,Ranchi,Jharkhand,312445
ADDR_00476,156 Market Road,Industrial Area,Mumbai,Maharashtra,170532
ADDR_00477,160 Lake View Road,Industrial Area,Patna,Bihar,636783
ADDR_00478,27 Station Road,Central,Jaipur,Rajasthan,858775
ADDR_00479,239 Gandhi Nagar,Old Town,Mumbai,Maharashtra,737157
ADDR_00480,34 Temple Street,Kukatpally,Mumbai,Maharashtra,714915
