email_id,email,person_id
EMAIL_0001,ajay.1@mailbox.example,PERSON_00008
EMAIL_0002,kiran.2@business.example,PERSON_00015
EMAIL_0003,subhash.3@mailbox.example,PERSON_00022
EMAIL_0004,vikas.4@inbox.example,PERSON_00029
EMAIL_0005,amit.5@inbox.example,PERSON_00036
EMAIL_0006,hitesh.6@mailbox.example,PERSON_00043
EMAIL_0007,deepak.7@mailbox.example,PERSON_00050
EMAIL_0008,arjun.8@mailbox.example,PERSON_00057
EMAIL_0009,srinivas.9@business.example,PERSON_00064
EMAIL_0010,manoj.10@inbox.example,PERSON_00071
EMAIL_0011,santosh.11@mailbox.example,PERSON_00078
EMAIL_0012,deepak.12@business.example,PERSON_00085
EMAIL_0013,anil.13@business.example,PERSON_00092
EMAIL_0014,subhash.14@inbox.example,PERSON_00099
EMAIL_0015,anil.15@business.example,PERSON_00106
EMAIL_0016,pankaj.16@business.example,PERSON_00113
EMAIL_0017,deepak.17@inbox.example,PERSON_00120
EMAIL_0018,pankaj.18@business.example,PERSON_00127
EMAIL_0019,arun.19@mailbox.example,PERSON_00134
EMAIL_0020,amit.20@mailbox.example,PERSON_00141
EMAIL_0021,manoj.21@inbox.example,PERSON_00148
EMAIL_0022,jayesh.22@inbox.example,PERSON_00155
EMAIL_0023,rajesh.23@business.example,PERSON_00162
EMAIL_0024,ganesh.24@inbox.example,PERSON_00169
EMAIL_0025,prakash.25@inbox.example,PERSON_00176
EMAIL_0026,nitin.26@business.example,PERSON_00183
EMAIL_0027,akash.27@inbox.example,PERSON_00190
EMAIL_0028,harish.28@inbox.example,PERSON_00197
EMAIL_0029,ashok.29@mailbox.example,PERSON_00204
EMAIL_0030,vignesh.30@business.example,PERSON_00211
EMAIL_0031,amit.31@business.example,PERSON_00218
EMAIL_0032,sanjay.32@mailbox.example,PERSON_00225
EMAIL_0033,amit.33@inbox.example,PERSON_00232
EMAIL_0034,dinesh.34@mailbox.example,PERSON_00239
EMAIL_0035,vivek.35@inbox.example,PERSON_00246
EMAIL_0036,pawan.36@inbox.example,PERSON_00253
EMAIL_0037,ravi.37@mailbox.example,PERSON_00260
EMAIL_0038,rohit.38@mailbox.example,PERSON_00267
EMAIL_0039,anil.39@business.example,PERSON_00274
EMAIL_0040,hitesh.40@inbox.example,PERSON_00281
EMAIL_0041,manoj.41@inbox.example,PERSON_00288
EMAIL_0042,sanjay.42@inbox.example,PERSON_00295
EMAIL_0043,bikash.43@inbox.example,PERSON_00302
EMAIL_0044,deepak.44@business.example,PERSON_00309
EMAIL_0045,pawan.45@business.example,PERSON_00316
EMAIL_0046,rohit.46@mailbox.example,PERSON_00323
EMAIL_0047,rajesh.47@business.example,PERSON_00330
EMAIL_0048,ganesh.48@inbox.example,PERSON_00337
EMAIL_0049,sanjay.49@inbox.example,PERSON_00344
EMAIL_0050,santosh.50@mailbox.example,PERSON_00351
EMAIL_0051,vamsi.51@inbox.example,PERSON_00358
EMAIL_0052,vignesh.52@inbox.example,PERSON_00365
EMAIL_0053,debasish.53@inbox.example,PERSON_00372
EMAIL_0054,ramesh.54@inbox.example,PERSON_00379
EMAIL_0055,naveen.55@inbox.example,PERSON_00386
EMAIL_0056,anil.56@mailbox.example,PERSON_00393
EMAIL_0057,ravi.57@business.example,PERSON_00400
EMAIL_0058,ganesh.58@mailbox.example,PERSON_00407
EMAIL_0059,amit.59@inbox.example,PERSON_00414
EMAIL_0060,kiran.60@business.example,PERSON_00421
EMAIL_0061,vinod.61@mailbox.example,PERSON_00428
EMAIL_0062,jayesh.62@business.example,PERSON_00435
EMAIL_0063,anil.63@inbox.example,PERSON_00442
EMAIL_0064,akash.64@business.example,PERSON_00449
EMAIL_0065,vivek.65@business.example,PERSON_00006
EMAIL_0066,ajay.66@inbox.example,PERSON_00013
EMAIL_0067,rajesh.67@business.example,PERSON_00020
EMAIL_0068,ravi.68@inbox.example,PERSON_00027
EMAIL_0069,prasad.69@mailbox.example,PERSON_00034
EMAIL_0070,prasad.70@mailbox.example,PERSON_00041
EMAIL_0071,mahesh.71@inbox.example,PERSON_00048
EMAIL_0072,ajay.72@inbox.example,PERSON_00055
EMAIL_0073,rakesh.73@inbox.example,PERSON_00062
EMAIL_0074,deepak.74@mailbox.example,PERSON_00069
EMAIL_0075,sunil.75@business.example,PERSON_00076
EMAIL_0076,amit.76@business.example,PERSON_00083
EMAIL_0077,prakash.77@inbox.example,PERSON_00090
EMAIL_0078,subhash.78@mailbox.example,PERSON_00097
EMAIL_0079,harish.79@business.example,PERSON_00104
EMAIL_0080,dinesh.80@mailbox.example,PERSON_00111
EMAIL_0081,rohit.81@business.example,PERSON_00118
EMAIL_0082,srinivas.82@business.example,PERSON_00125
EMAIL_0083,vivek.83@inbox.example,PERSON_00132
EMAIL_0084,naveen.84@inbox.example,PERSON_00139
EMAIL_0085,rohit.85@mailbox.example,PERSON_00146
EMAIL_0086,harish.86@business.example,PERSON_00153
EMAIL_0087,amit.87@inbox.example,PERSON_00160
EMAIL_0088,deepak.88@mailbox.example,PERSON_00167
EMAIL_0089,suresh.89@mailbox.example,PERSON_00174
EMAIL_0090,deepak.90@mailbox.example,PERSON_00181
EMAIL_0091,prakash.91@mailbox.example,PERSON_00188
EMAIL_0092,deepak.92@business.example,PERSON_00195
EMAIL_0093,rohit.93@inbox.example,PERSON_00202
EMAIL_0094,anil.94@inbox.example,PERSON_00209
EMAIL_0095,debasish.95@mailbox.example,PERSON_00216
EMAIL_0096,santosh.96@business.example,PERSON_00223
EMAIL_0097,anil.97@business.example,PERSON_00230
EMAIL_0098,mahesh.98@inbox.example,PERSON_00237
EMAIL_0099,ravi.99@mailbox.example,PERSON_00244
EMAIL_0100,manish.100@business.example,PERSON_00251
EMAIL_0101,rajesh.101@business.example,PERSON_00258
EMAIL_0102,karthik.102@mailbox.example,PERSON_00265
EMAIL_0103,rohit.103@inbox.example,PERSON_00272
EMAIL_0104,arjun.104@business.example,PERSON_00279
EMAIL_0105,rakesh.105@inbox.example,PERSON_00286
EMAIL_0106,pankaj.106@business.example,PERSON_00293
EMAIL_0107,ajay.107@inbox.example,PERSON_00300
EMAIL_0108,pawan.108@business.example,PERSON_00307
EMAIL_0109,rajesh.109@mailbox.example,PERSON_00314
EMAIL_0110,rakesh.110@business.example,PERSON_00321
EMAIL_0111,karthik.111@mailbox.example,PERSON_00328
EMAIL_0112,amit.112@mailbox.example,PERSON_00335
EMAIL_0113,ravi.113@inbox.example,PERSON_00342
EMAIL_0114,debasish.114@mailbox.example,PERSON_00349
EMAIL_0115,rohit.115@business.example,PERSON_00356
EMAIL_0116,ashok.116@business.example,PERSON_00363
EMAIL_0117,deepak.117@inbox.example,PERSON_00370
EMAIL_0118,ravi.118@mailbox.example,PERSON_00377
EMAIL_0119,rakesh.119@inbox.example,PERSON_00384
EMAIL_0120,prasad.120@business.example,PERSON_00391
EMAIL_0121,mahesh.121@business.example,PERSON_00398
EMAIL_0122,bikash.122@mailbox.example,PERSON_00405
EMAIL_0123,kiran.123@inbox.example,PERSON_00412
EMAIL_0124,manish.124@mailbox.example,PERSON_00419
EMAIL_0125,rakesh.125@business.example,PERSON_00426
EMAIL_0126,vamsi.126@inbox.example,PERSON_00433
EMAIL_0127,subhash.127@mailbox.example,PERSON_00440
EMAIL_0128,karthik.128@mailbox.example,PERSON_00447
EMAIL_0129,sunil.129@inbox.example,PERSON_00004
EMAIL_0130,manoj.130@mailbox.example,PERSON_00011
EMAIL_0131,subhash.131@mailbox.example,PERSON_00018
EMAIL_0132,suresh.132@business.example,PERSON_00025
EMAIL_0133,vivek.133@inbox.example,PERSON_00032
EMAIL_0134,sanjay.134@mailbox.example,PERSON_00039
EMAIL_0135,arun.135@inbox.example,PERSON_00046
EMAIL_0136,kiran.136@inbox.example,PERSON_00053
EMAIL_0137,deepak.137@mailbox.example,PERSON_00060
EMAIL_0138,ramesh.138@inbox.example,PERSON_00067
EMAIL_0139,amit.139@business.example,PERSON_00074
EMAIL_0140,deepak.140@inbox.example,PERSON_00081
EMAIL_0141,vivek.141@mailbox.example,PERSON_00088
EMAIL_0142,rajesh.142@mailbox.example,PERSON_00095
EMAIL_0143,sanjay.143@inbox.example,PERSON_00102
EMAIL_0144,nitin.144@business.example,PERSON_00109
EMAIL_0145,deepak.145@inbox.example,PERSON_00116
EMAIL_0146,santosh.146@mailbox.example,PERSON_00123
EMAIL_0147,amit.147@mailbox.example,PERSON_00130
EMAIL_0148,ramesh.148@mailbox.example,PERSON_00137
EMAIL_0149,amit.149@inbox.example,PERSON_00144
EMAIL_0150,sunil.150@mailbox.example,PERSON_00151
EMAIL_0151,deepak.151@mailbox.example,PERSON_00158
EMAIL_0152,rajesh.152@inbox.example,PERSON_00165
EMAIL_0153,rajesh.153@business.example,PERSON_00172
EMAIL_0154,rohit.154@business.example,PERSON_00179
EMAIL_0155,debasish.155@inbox.example,PERSON_00186
EMAIL_0156,suresh.156@mailbox.example,PERSON_00193
EMAIL_0157,amit.157@inbox.example,PERSON_00200
EMAIL_0158,rajesh.158@mailbox.example,PERSON_00207
EMAIL_0159,arjun.159@business.example,PERSON_00214
EMAIL_0160,arjun.160@business.example,PERSON_00221
EMAIL_0161,rajesh.161@business.example,PERSON_00228
EMAIL_0162,harish.162@inbox.example,PERSON_00235
EMAIL_0163,vinod.163@inbox.example,PERSON_00242
EMAIL_0164,rakesh.164@mailbox.example,PERSON_00249
EMAIL_0165,arun.165@inbox.example,PERSON_00256
EMAIL_0166,manoj.166@business.example,PERSON_00263
EMAIL_0167,prakash.167@mailbox.example,PERSON_00270
EMAIL_0168,rajesh.168@business.example,PERSON_00277
EMAIL_0169,rajesh.169@business.example,PERSON_00284
EMAIL_0170,rakesh.170@mailbox.example,PERSON_00291
EMAIL_0171,prakash.171@mailbox.example,PERSON_00298
EMAIL_0172,naveen.172@inbox.example,PERSON_00305
EMAIL_0173,akash.173@inbox.example,PERSON_00312
EMAIL_0174,vinod.174@inbox.example,PERSON_00319
EMAIL_0175,vivek.175@business.example,PERSON_00326
EMAIL_0176,dinesh.176@business.example,PERSON_00333
EMAIL_0177,rohit.177@inbox.example,PERSON_00340
EMAIL_0178,amit.178@mailbox.example,PERSON_00347
EMAIL_0179,anil.179@business.example,PERSON_00354
EMAIL_0180,vivek.180@mailbox.example,PERSON_00361
