person_id,org_id,role,valid_from,valid_to
PERSON_00001,ORG_0001,Accountant,2022-11-30,2023-08-08
PERSON_00002,ORG_0008,Technician,2022-09-30,
PERSON_00003,ORG_0015,Office Assistant,2021-11-05,
PERSON_00004,ORG_0022,Sales Executive,2022-06-23,2023-04-12
PERSON_00005,ORG_0029,Shop Owner,2021-09-03,
PERSON_00006,ORG_0036,Consultant,2022-07-03,
PERSON_00007,ORG_0043,Accountant,2021-03-25,2022-03-17
PERSON_00008,ORG_0050,Consultant,2021-11-30,
PERSON_00009,ORG_0002,Sales Executive,2021-01-10,
PERSON_00010,ORG_0009,Clerk,2021-04-06,2022-08-20
PERSON_00011,ORG_0016,Accountant,2022-08-27,
PERSON_00012,ORG_0023,Student,2021-10-31,
PERSON_00013,ORG_0030,Office Assistant,2022-02-14,2024-12-17
PERSON_00014,ORG_0037,Supervisor,2021-07-23,
PERSON_00015,ORG_0044,Shop Owner,2022-08-06,
PERSON_00016,ORG_0051,Warehouse Assistant,2021-06-10,2023-03-09
PERSON_00017,ORG_0003,Clerk,2022-02-18,
PERSON_00018,ORG_0010,Student,2022-10-30,
PERSON_00019,ORG_0017,Clerk,2021-04-02,2023-05-26
PERSON_00020,ORG_0024,Sales Executive,2021-02-18,
PERSON_00021,ORG_0031,Student,2021-05-03,
PERSON_00022,ORG_0038,Teacher,2022-11-17,2024-07-01
PERSON_00023,ORG_0045,Driver,2021-12-20,
PERSON_00024,ORG_0052,Student,2022-11-15,
PERSON_00025,ORG_0004,Technician,2022-03-30,2024-08-30
PERSON_00026,ORG_0011,Shop Owner,2021-11-17,
PERSON_00027,ORG_0018,Shop Owner,2021-04-23,
PERSON_00028,ORG_0025,Warehouse Assistant,2021-04-18,2024-02-03
PERSON_00029,ORG_0032,Office Assistant,2022-10-07,
PERSON_00030,ORG_0039,Mechanic,2022-08-16,
PERSON_00031,ORG_0046,Student,2021-08-22,2022-09-02
PERSON_00032,ORG_0053,Teacher,2021-10-13,
PERSON_00033,ORG_0005,Student,2022-02-05,
PERSON_00034,ORG_0012,Student,2022-05-10,2024-09-11
PERSON_00035,ORG_0019,Teacher,2022-03-08,
PERSON_00036,ORG_0026,Clerk,2021-11-18,
PERSON_00037,ORG_0033,Contractor,2022-02-15,2024-03-12
PERSON_00038,ORG_0040,Clerk,2022-02-25,
PERSON_00039,ORG_0047,Mechanic,2021-11-04,
PERSON_00040,ORG_0054,Student,2021-03-21,2022-01-09
PERSON_00041,ORG_0006,Clerk,2022-01-08,
PERSON_00042,ORG_0013,Driver,2021-05-18,
PERSON_00043,ORG_0020,Student,2021-05-23,2024-02-06
PERSON_00044,ORG_0027,Warehouse Assistant,2022-07-17,
PERSON_00045,ORG_0034,Mechanic,2021-06-02,
PERSON_00046,ORG_0041,Contractor,2022-01-29,2024-09-04
PERSON_00047,ORG_0048,Consultant,2022-04-23,
PERSON_00048,ORG_0055,Warehouse Assistant,2021-01-23,
PERSON_00049,ORG_0007,Broker,2021-03-28,2023-03-07
PERSON_00050,ORG_0014,Teacher,2021-01-05,
PERSON_00051,ORG_0021,Supervisor,2022-07-12,
PERSON_00052,ORG_0028,Technician,2022-05-30,2025-01-20
PERSON_00053,ORG_0035,Office Assistant,2022-03-09,
PERSON_00054,ORG_0042,Warehouse Assistant,2021-12-13,
PERSON_00055,ORG_0049,Accountant,2022-04-01,2024-10-03
PERSON_00056,ORG_0001,Consultant,2022-12-01,
PERSON_00057,ORG_0008,Clerk,2021-05-08,
PERSON_00058,ORG_0015,Accountant,2022-07-10,2024-09-19
PERSON_00059,ORG_0022,Clerk,2021-06-08,
PERSON_00060,ORG_0029,Consultant,2021-11-27,
PERSON_00061,ORG_0036,Supervisor,2021-10-19,2024-04-03
PERSON_00062,ORG_0043,Warehouse Assistant,2022-08-16,
PERSON_00063,ORG_0050,Sales Executive,2021-03-01,
PERSON_00064,ORG_0002,Student,2021-02-06,2022-10-09
PERSON_00065,ORG_0009,Student,2022-09-15,
PERSON_00066,ORG_0016,Driver,2021-06-08,
PERSON_00067,ORG_0023,Broker,2021-04-10,2022-01-23
PERSON_00068,ORG_0030,Student,2022-01-06,
PERSON_00069,ORG_0037,Shop Owner,2022-02-14,
PERSON_00070,ORG_0044,Broker,2021-11-25,2023-12-22
PERSON_00071,ORG_0051,Technician,2022-01-21,
PERSON_00072,ORG_0003,Office Assistant,2021-12-12,
PERSON_00073,ORG_0010,Shop Owner,2022-09-14,2025-05-16
PERSON_00074,ORG_0017,Technician,2021-03-30,
PERSON_00075,ORG_0024,Clerk,2021-03-11,
PERSON_00076,ORG_0031,Technician,2021-11-18,2024-05-07
PERSON_00077,ORG_0038,Supervisor,2022-06-19,
PERSON_00078,ORG_0045,Supervisor,2021-07-08,
PERSON_00079,ORG_0052,Driver,2022-02-06,2022-12-25
PERSON_00080,ORG_0004,Office Assistant,2021-03-14,
PERSON_00081,ORG_0011,Shop Owner,2021-01-31,
PERSON_00082,ORG_0018,Driver,2022-11-07,2024-10-25
PERSON_00083,ORG_0025,Mechanic,2022-09-20,
PERSON_00084,ORG_0032,Sales Executive,2022-01-01,
PERSON_00085,ORG_0039,Teacher,2021-08-13,2022-10-29
PERSON_00086,ORG_0046,Accountant,2022-06-17,
PERSON_00087,ORG_0053,Contractor,2021-09-03,
PERSON_00088,ORG_0005,Broker,2021-03-27,2022-08-27
PERSON_00089,ORG_0012,Student,2022-07-15,
PERSON_00090,ORG_0019,Driver,2022-07-31,
PERSON_00091,ORG_0026,Shop Owner,2022-02-17,2024-08-08
PERSON_00092,ORG_0033,Mechanic,2021-03-29,
PERSON_00093,ORG_0040,Warehouse Assistant,2022-05-21,
PERSON_00094,ORG_0047,Clerk,2021-03-08,2023-09-29
PERSON_00095,ORG_0054,Broker,2022-01-28,
PERSON_00096,ORG_0006,Sales Executive,2022-04-29,
PERSON_00097,ORG_0013,Consultant,2021-06-07,2023-09-19
PERSON_00098,ORG_0020,Supervisor,2021-03-22,
PERSON_00099,ORG_0027,Driver,2021-07-09,
PERSON_00100,ORG_0034,Mechanic,2021-03-20,2023-09-12
PERSON_00101,ORG_0041,Consultant,2022-08-29,
PERSON_00102,ORG_0048,Consultant,2022-05-08,
PERSON_00103,ORG_0055,Student,2021-09-10,2022-07-05
PERSON_00104,ORG_0007,Consultant,2021-05-13,
PERSON_00105,ORG_0014,Driver,2021-03-09,
PERSON_00106,ORG_0021,Driver,2021-01-16,2022-04-29
PERSON_00107,ORG_0028,Broker,2021-12-23,
PERSON_00108,ORG_0035,Teacher,2021-07-05,
PERSON_00109,ORG_0042,Contractor,2022-07-26,2024-05-09
PERSON_00110,ORG_0049,Contractor,2022-10-01,
PERSON_00111,ORG_0001,Mechanic,2022-01-29,
PERSON_00112,ORG_0008,Warehouse Assistant,2022-07-10,2023-05-03
PERSON_00113,ORG_0015,Mechanic,2021-07-13,
PERSON_00114,ORG_0022,Shop Owner,2021-01-28,
PERSON_00115,ORG_0029,Student,2021-05-20,2022-12-30
PERSON_00116,ORG_0036,Shop Owner,2021-09-27,
PERSON_00117,ORG_0043,Driver,2022-02-02,
PERSON_00118,ORG_0050,Contractor,2021-06-05,2023-01-15
PERSON_00119,ORG_0002,Student,2021-05-04,
PERSON_00120,ORG_0009,Office Assistant,2022-02-07,
PERSON_00121,ORG_0016,Clerk,2021-02-12,2023-01-14
PERSON_00122,ORG_0023,Accountant,2021-05-19,
PERSON_00123,ORG_0030,Broker,2022-07-04,
PERSON_00124,ORG_0037,Mechanic,2022-02-19,2023-05-04
PERSON_00125,ORG_0044,Mechanic,2021-05-26,
PERSON_00126,ORG_0051,Warehouse Assistant,2021-06-18,
PERSON_00127,ORG_0003,Accountant,2021-01-27,2023-02-06
PERSON_00128,ORG_0010,Office Assistant,2021-04-24,
PERSON_00129,ORG_0017,Consultant,2022-11-16,
PERSON_00130,ORG_0024,Consultant,2021-10-09,2023-07-01
PERSON_00131,ORG_0031,Driver,2022-08-21,
PERSON_00132,ORG_0038,Teacher,2021-06-09,
PERSON_00133,ORG_0045,Supervisor,2022-07-07,2025-01-24
PERSON_00134,ORG_0052,Clerk,2022-11-19,
PERSON_00135,ORG_0004,Technician,2021-05-07,
PERSON_00136,ORG_0011,Contractor,2022-06-09,2023-06-29
PERSON_00137,ORG_0018,Warehouse Assistant,2022-05-24,
PERSON_00138,ORG_0025,Supervisor,2021-08-26,
PERSON_00139,ORG_0032,Supervisor,2021-10-30,2022-12-22
PERSON_00140,ORG_0039,Mechanic,2021-11-13,
PERSON_00141,ORG_0046,Shop Owner,2022-07-18,
PERSON_00142,ORG_0053,Driver,2021-09-07,2023-11-03
PERSON_00143,ORG_0005,Clerk,2021-07-02,
PERSON_00144,ORG_0012,Clerk,2022-11-05,
PERSON_00145,ORG_0019,Sales Executive,2022-01-05,2024-06-30
PERSON_00146,ORG_0026,Office Assistant,2021-11-28,
PERSON_00147,ORG_0033,Student,2022-11-17,
PERSON_00148,ORG_0040,Warehouse Assistant,2021-09-18,2022-11-24
PERSON_00149,ORG_0047,Warehouse Assistant,2022-07-22,
PERSON_00150,ORG_0054,Clerk,2021-07-28,
PERSON_00151,ORG_0006,Student,2022-03-10,2024-11-14
PERSON_00152,ORG_0013,Accountant,2021-09-30,
PERSON_00153,ORG_0020,Mechanic,2022-11-26,
PERSON_00154,ORG_0027,Technician,2021-03-21,2022-04-04
PERSON_00155,ORG_0034,Teacher,2021-02-01,
PERSON_00156,ORG_0041,Broker,2022-08-28,
PERSON_00157,ORG_0048,Accountant,2021-02-03,2023-08-07
PERSON_00158,ORG_0055,Supervisor,2022-10-22,
PERSON_00159,ORG_0007,Supervisor,2022-07-29,
PERSON_00160,ORG_0014,Clerk,2021-05-06,2022-10-06
PERSON_00161,ORG_0021,Accountant,2021-02-24,
PERSON_00162,ORG_0028,Sales Executive,2021-10-28,
PERSON_00163,ORG_0035,Warehouse Assistant,2021-11-26,2024-04-02
PERSON_00164,ORG_0042,Consultant,2021-04-19,
PERSON_00165,ORG_0049,Sales Executive,2021-04-28,
PERSON_00166,ORG_0001,Teacher,2022-02-10,2023-01-27
PERSON_00167,ORG_0008,Teacher,2021-10-13,
PERSON_00168,ORG_0015,Supervisor,2022-01-01,
PERSON_00169,ORG_0022,Warehouse Assistant,2021-02-17,2022-11-16
PERSON_00170,ORG_0029,Teacher,2021-06-13,
PERSON_00171,ORG_0036,Consultant,2021-05-29,
PERSON_00172,ORG_0043,Clerk,2021-09-04,2023-10-24
PERSON_00173,ORG_0050,Broker,2022-05-27,
PERSON_00174,ORG_0002,Sales Executive,2021-04-21,
PERSON_00175,ORG_0009,Driver,2022-01-29,2023-07-28
PERSON_00176,ORG_0016,Clerk,2021-11-07,
PERSON_00177,ORG_0023,Accountant,2021-10-13,
PERSON_00178,ORG_0030,Contractor,2021-08-11,2023-06-07
PERSON_00179,ORG_0037,Broker,2021-07-30,
PERSON_00180,ORG_0044,Consultant,2022-11-25,
PERSON_00181,ORG_0051,Mechanic,2021-02-18,2023-06-06
PERSON_00182,ORG_0003,Broker,2021-09-27,
PERSON_00183,ORG_0010,Driver,2021-11-07,
PERSON_00184,ORG_0017,Broker,2022-02-15,2023-06-01
PERSON_00185,ORG_0024,Mechanic,2021-09-01,
PERSON_00186,ORG_0031,Technician,2022-04-11,
PERSON_00187,ORG_0038,Office Assistant,2022-02-26,2024-08-08
PERSON_00188,ORG_0045,Supervisor,2022-09-10,
PERSON_00189,ORG_0052,Shop Owner,2021-07-18,
PERSON_00190,ORG_0004,Teacher,2021-10-16,2023-03-21
PERSON_00191,ORG_0011,Consultant,2022-08-24,
PERSON_00192,ORG_0018,Consultant,2022-04-22,
PERSON_00193,ORG_0025,Driver,2021-11-25,2024-09-07
PERSON_00194,ORG_0032,Shop Owner,2022-10-25,
PERSON_00195,ORG_0039,Driver,2022-02-09,
PERSON_00196,ORG_0046,Supervisor,2022-06-16,2024-02-06
PERSON_00197,ORG_0053,Broker,2022-07-18,
PERSON_00198,ORG_0005,Office Assistant,2021-03-18,
PERSON_00199,ORG_0012,Supervisor,2021-01-23,2023-07-16
PERSON_00200,ORG_0019,Driver,2021-02-24,
PERSON_00201,ORG_0026,Teacher,2022-01-02,
PERSON_00202,ORG_0033,Driver,2022-09-26,2025-04-10
PERSON_00203,ORG_0040,Warehouse Assistant,2022-07-03,
PERSON_00204,ORG_0047,Clerk,2022-03-20,
PERSON_00205,ORG_0054,Warehouse Assistant,2022-09-20,2023-07-05
PERSON_00206,ORG_0006,Clerk,2022-09-02,
PERSON_00207,ORG_0013,Shop Owner,2022-09-30,
PERSON_00208,ORG_0020,Student,2022-02-05,2024-09-03
PERSON_00209,ORG_0027,Supervisor,2021-04-25,
PERSON_00210,ORG_0034,Clerk,2022-02-07,
PERSON_00211,ORG_0041,Mechanic,2022-01-30,2023-10-03
PERSON_00212,ORG_0048,Warehouse Assistant,2022-10-18,
PERSON_00213,ORG_0055,Clerk,2021-05-31,
PERSON_00214,ORG_0007,Office Assistant,2022-09-03,2024-04-18
PERSON_00215,ORG_0014,Technician,2022-11-23,
PERSON_00216,ORG_0021,Consultant,2021-02-04,
PERSON_00217,ORG_0028,Mechanic,2021-12-22,2024-10-21
PERSON_00218,ORG_0035,Shop Owner,2022-02-19,
PERSON_00219,ORG_0042,Contractor,2021-02-25,
PERSON_00220,ORG_0049,Teacher,2021-11-19,2023-08-30
PERSON_00221,ORG_0001,Clerk,2022-08-27,
PERSON_00222,ORG_0008,Driver,2021-02-11,
PERSON_00223,ORG_0015,Sales Executive,2021-08-31,2024-02-23
PERSON_00224,ORG_0022,Contractor,2021-04-24,
PERSON_00225,ORG_0029,Broker,2021-12-22,
PERSON_00226,ORG_0036,Teacher,2021-05-13,2023-08-27
PERSON_00227,ORG_0043,Contractor,2021-07-27,
PERSON_00228,ORG_0050,Mechanic,2021-10-07,
PERSON_00229,ORG_0002,Student,2021-04-01,2022-07-03
PERSON_00230,ORG_0009,Supervisor,2021-08-19,
PERSON_00231,ORG_0016,Supervisor,2021-09-06,
PERSON_00232,ORG_0023,Teacher,2021-10-26,2023-07-21
PERSON_00233,ORG_0030,Driver,2021-05-09,
PERSON_00234,ORG_0037,Clerk,2021-07-08,
PERSON_00235,ORG_0044,Warehouse Assistant,2021-10-09,2024-07-20
PERSON_00236,ORG_0051,Technician,2021-09-11,
PERSON_00237,ORG_0003,Consultant,2021-06-11,
PERSON_00238,ORG_0010,Warehouse Assistant,2021-08-16,2022-11-19
PERSON_00239,ORG_0017,Technician,2021-10-29,
PERSON_00240,ORG_0024,Accountant,2022-09-05,
PERSON_00241,ORG_0031,Driver,2021-03-16,2023-05-06
PERSON_00242,ORG_0038,Warehouse Assistant,2021-07-15,
PERSON_00243,ORG_0045,Shop Owner,2021-03-27,
PERSON_00244,ORG_0052,Technician,2022-06-26,2024-06-23
PERSON_00245,ORG_0004,Broker,2021-03-19,
PERSON_00246,ORG_0011,Shop Owner,2021-07-02,
PERSON_00247,ORG_0018,Warehouse Assistant,2021-05-13,2022-07-07
PERSON_00248,ORG_0025,Technician,2021-09-29,
PERSON_00249,ORG_0032,Contractor,2022-10-10,
PERSON_00250,ORG_0039,Student,2022-03-05,2024-10-30
PERSON_00251,ORG_0046,Clerk,2022-01-12,
PERSON_00252,ORG_0053,Teacher,2021-02-09,
PERSON_00253,ORG_0005,Clerk,2022-01-30,2023-09-01
PERSON_00254,ORG_0012,Consultant,2021-04-03,
PERSON_00255,ORG_0019,Warehouse Assistant,2022-08-11,
PERSON_00256,ORG_0026,Student,2022-04-13,2024-11-09
PERSON_00257,ORG_0033,Mechanic,2021-12-22,
PERSON_00258,ORG_0040,Consultant,2021-04-01,
PERSON_00259,ORG_0047,Contractor,2022-09-22,2024-02-01
PERSON_00260,ORG_0054,Broker,2022-11-04,
PERSON_00261,ORG_0006,Technician,2021-09-17,
PERSON_00262,ORG_0013,Sales Executive,2022-05-12,2024-02-23
PERSON_00263,ORG_0020,Warehouse Assistant,2022-05-22,
PERSON_00264,ORG_0027,Clerk,2021-05-20,
PERSON_00265,ORG_0034,Teacher,2022-09-15,2023-07-17
PERSON_00266,ORG_0041,Shop Owner,2022-07-30,
PERSON_00267,ORG_0048,Shop Owner,2022-10-13,
PERSON_00268,ORG_0055,Broker,2022-03-17,2022-11-29
PERSON_00269,ORG_0007,Office Assistant,2022-03-19,
PERSON_00270,ORG_0014,Mechanic,2022-07-23,
PERSON_00271,ORG_0021,Supervisor,2022-04-08,2023-12-17
PERSON_00272,ORG_0028,Office Assistant,2022-08-01,
PERSON_00273,ORG_0035,Teacher,2022-05-28,
PERSON_00274,ORG_0042,Clerk,2021-05-15,2023-01-21
PERSON_00275,ORG_0049,Supervisor,2021-01-20,
PERSON_00276,ORG_0001,Sales Executive,2021-08-20,
PERSON_00277,ORG_0008,Consultant,2022-10-07,2024-02-01
PERSON_00278,ORG_0015,Sales Executive,2021-07-20,
PERSON_00279,ORG_0022,Teacher,2022-01-18,
PERSON_00280,ORG_0029,Consultant,2021-07-07,2023-10-30
PERSON_00281,ORG_0036,Shop Owner,2022-11-09,
PERSON_00282,ORG_0043,Broker,2022-03-17,
PERSON_00283,ORG_0050,Consultant,2022-08-01,2024-05-12
PERSON_00284,ORG_0002,Accountant,2022-10-24,
PERSON_00285,ORG_0009,Accountant,2021-07-02,
PERSON_00286,ORG_0016,Office Assistant,2021-01-23,2023-05-14
PERSON_00287,ORG_0023,Teacher,2022-07-11,
PERSON_00288,ORG_0030,Sales Executive,2022-02-14,
PERSON_00289,ORG_0037,Consultant,2022-01-29,2024-11-14
PERSON_00290,ORG_0044,Driver,2022-11-05,
PERSON_00291,ORG_0051,Office Assistant,2022-04-22,
PERSON_00292,ORG_0003,Technician,2021-03-12,2022-05-08
PERSON_00293,ORG_0010,Contractor,2021-08-03,
PERSON_00294,ORG_0017,Office Assistant,2021-10-27,
PERSON_00295,ORG_0024,Supervisor,2021-06-01,2024-05-05
PERSON_00296,ORG_0031,Driver,2021-12-04,
PERSON_00297,ORG_0038,Consultant,2021-05-16,
PERSON_00298,ORG_0045,Accountant,2022-03-01,2023-08-12
PERSON_00299,ORG_0052,Teacher,2021-02-16,
PERSON_00300,ORG_0004,Shop Owner,2022-08-11,
PERSON_00301,ORG_0011,Contractor,2022-12-02,2024-05-26
PERSON_00302,ORG_0018,Contractor,2021-07-10,
PERSON_00303,ORG_0025,Driver,2021-09-22,
PERSON_00304,ORG_0032,Office Assistant,2021-12-08,2023-10-25
PERSON_00305,ORG_0039,Mechanic,2021-06-12,
PERSON_00306,ORG_0046,Consultant,2022-02-21,
PERSON_00307,ORG_0053,Broker,2022-01-06,2024-01-03
PERSON_00308,ORG_0005,Warehouse Assistant,2022-04-12,
PERSON_00309,ORG_0012,Teacher,2022-03-17,
PERSON_00310,ORG_0019,Technician,2022-05-13,2023-03-30
PERSON_00311,ORG_0026,Mechanic,2021-05-20,
PERSON_00312,ORG_0033,Consultant,2022-09-30,
PERSON_00313,ORG_0040,Student,2021-06-01,2022-03-28
PERSON_00314,ORG_0047,Clerk,2022-03-08,
PERSON_00315,ORG_0054,Shop Owner,2022-01-13,
PERSON_00316,ORG_0006,Supervisor,2022-09-08,2025-02-06
PERSON_00317,ORG_0013,Technician,2022-01-08,
PERSON_00318,ORG_0020,Technician,2021-06-25,
PERSON_00319,ORG_0027,Sales Executive,2021-09-04,2023-08-19
PERSON_00320,ORG_0034,Supervisor,2021-02-26,
PERSON_00321,ORG_0041,Teacher,2021-09-23,
PERSON_00322,ORG_0048,Technician,2022-09-20,2024-04-16
PERSON_00323,ORG_0055,Sales Executive,2022-09-24,
PERSON_00324,ORG_0007,Accountant,2021-11-06,
PERSON_00325,ORG_0014,Mechanic,2022-01-25,2024-07-21
PERSON_00326,ORG_0021,Contractor,2022-01-24,
PERSON_00327,ORG_0028,Accountant,2022-01-17,
PERSON_00328,ORG_0035,Contractor,2021-01-10,2023-08-22
PERSON_00329,ORG_0042,Warehouse Assistant,2021-01-29,
PERSON_00330,ORG_0049,Broker,2022-10-02,
PERSON_00331,ORG_0001,Student,2022-01-16,2022-10-19
PERSON_00332,ORG_0008,Shop Owner,2022-08-04,
PERSON_00333,ORG_0015,Driver,2021-02-03,
PERSON_00334,ORG_0022,Accountant,2021-03-29,2022-01-20
PERSON_00335,ORG_0029,Broker,2022-09-24,
PERSON_00336,ORG_0036,Driver,2022-10-29,
PERSON_00337,ORG_0043,Office Assistant,2022-09-02,2024-01-19
PERSON_00338,ORG_0050,Sales Executive,2022-05-02,
PERSON_00339,ORG_0002,Student,2021-09-04,
PERSON_00340,ORG_0009,Shop Owner,2021-04-25,2023-02-17
PERSON_00341,ORG_0016,Warehouse Assistant,2022-04-07,
PERSON_00342,ORG_0023,Consultant,2022-07-11,
PERSON_00343,ORG_0030,Warehouse Assistant,2022-08-21,2024-04-07
PERSON_00344,ORG_0037,Mechanic,2021-07-01,
PERSON_00345,ORG_0044,Consultant,2022-03-20,
PERSON_00346,ORG_0051,Broker,2022-06-12,2023-11-03
PERSON_00347,ORG_0003,Sales Executive,2021-12-05,
PERSON_00348,ORG_0010,Consultant,2021-11-11,
PERSON_00349,ORG_0017,Technician,2021-06-19,2022-08-06
PERSON_00350,ORG_0024,Clerk,2022-05-01,
PERSON_00351,ORG_0031,Teacher,2022-05-14,
PERSON_00352,ORG_0038,Broker,2022-06-14,2025-04-23
PERSON_00353,ORG_0045,Teacher,2022-03-23,
PERSON_00354,ORG_0052,Technician,2022-08-31,
PERSON_00355,ORG_0004,Sales Executive,2022-03-04,2022-11-11
PERSON_00356,ORG_0011,Shop Owner,2022-05-23,
PERSON_00357,ORG_0018,Accountant,2022-08-16,
PERSON_00358,ORG_0025,Supervisor,2022-10-15,2024-08-05
PERSON_00359,ORG_0032,Technician,2021-02-01,
PERSON_00360,ORG_0039,Warehouse Assistant,2021-09-17,
PERSON_00361,ORG_0046,Mechanic,2022-05-19,2023-10-17
PERSON_00362,ORG_0053,Student,2022-10-07,
PERSON_00363,ORG_0005,Office Assistant,2022-01-03,
PERSON_00364,ORG_0012,Teacher,2021-05-15,2023-01-20
PERSON_00365,ORG_0019,Warehouse Assistant,2022-08-29,
PERSON_00366,ORG_0026,Mechanic,2022-11-29,
PERSON_00367,ORG_0033,Student,2022-06-03,2023-09-07
PERSON_00368,ORG_0040,Accountant,2021-01-24,
PERSON_00369,ORG_0047,Contractor,2022-02-15,
PERSON_00370,ORG_0054,Office Assistant,2021-10-11,2023-05-18
PERSON_00371,ORG_0006,Warehouse Assistant,2022-10-18,
PERSON_00372,ORG_0013,Sales Executive,2022-10-11,
PERSON_00373,ORG_0020,Contractor,2022-03-14,2024-12-28
PERSON_00374,ORG_0027,Driver,2021-07-09,
PERSON_00375,ORG_0034,Sales Executive,2022-05-18,
PERSON_00376,ORG_0041,Teacher,2022-05-10,2023-03-20
PERSON_00377,ORG_0048,Sales Executive,2022-02-15,
PERSON_00378,ORG_0055,Consultant,2021-11-30,
PERSON_00379,ORG_0007,Office Assistant,2022-11-12,2025-03-15
PERSON_00380,ORG_0014,Shop Owner,2022-05-22,
PERSON_00381,ORG_0021,Supervisor,2022-02-26,
PERSON_00382,ORG_0028,Warehouse Assistant,2021-05-23,2022-12-11
PERSON_00383,ORG_0035,Student,2021-02-16,
PERSON_00384,ORG_0042,Sales Executive,2022-04-10,
PERSON_00385,ORG_0049,Consultant,2021-09-06,2023-10-07
PERSON_00386,ORG_0001,Clerk,2021-12-31,
PERSON_00387,ORG_0008,Consultant,2021-06-23,
PERSON_00388,ORG_0015,Sales Executive,2021-06-11,2022-03-25
PERSON_00389,ORG_0022,Consultant,2021-03-05,
PERSON_00390,ORG_0029,Teacher,2022-05-02,
PERSON_00391,ORG_0036,Warehouse Assistant,2021-11-21,2022-09-11
PERSON_00392,ORG_0043,Student,2021-01-21,
PERSON_00393,ORG_0050,Broker,2021-07-28,
PERSON_00394,ORG_0002,Supervisor,2021-05-16,2023-11-02
PERSON_00395,ORG_0009,Contractor,2021-05-30,
PERSON_00396,ORG_0016,Shop Owner,2022-09-24,
PERSON_00397,ORG_0023,Broker,2022-09-17,2023-05-30
PERSON_00398,ORG_0030,Office Assistant,2022-09-12,
PERSON_00399,ORG_0037,Technician,2021-04-16,
PERSON_00400,ORG_0044,Accountant,2021-05-27,2023-06-14
PERSON_00401,ORG_0051,Teacher,2022-11-12,
PERSON_00402,ORG_0003,Mechanic,2021-07-30,
PERSON_00403,ORG_0010,Shop Owner,2021-07-16,2022-11-03
PERSON_00404,ORG_0017,Broker,2022-07-01,
PERSON_00405,ORG_0024,Teacher,2021-09-14,
PERSON_00406,ORG_0031,Teacher,2021-10-13,2024-04-14
PERSON_00407,ORG_0038,Consultant,2022-01-01,
PERSON_00408,ORG_0045,Sales Executive,2021-03-22,
PERSON_00409,ORG_0052,Shop Owner,2022-09-06,2024-12-25
PERSON_00410,ORG_0004,Supervisor,2022-03-18,
PERSON_00411,ORG_0011,Driver,2022-03-05,
PERSON_00412,ORG_0018,Driver,2022-09-29,2025-07-20
PERSON_00413,ORG_0025,Accountant,2022-02-23,
PERSON_00414,ORG_0032,Accountant,2021-01-20,
PERSON_00415,ORG_0039,Contractor,2022-04-20,2023-02-17
PERSON_00416,ORG_0046,Warehouse Assistant,2021-06-21,
PERSON_00417,ORG_0053,Contractor,2022-11-29,
PERSON_00418,ORG_0005,Technician,2021-07-15,2022-10-18
PERSON_00419,ORG_0012,Shop Owner,2022-06-20,
PERSON_00420,ORG_0019,Warehouse Assistant,2022-11-17,
PERSON_00421,ORG_0026,Teacher,2021-12-12,2023-10-24
PERSON_00422,ORG_0033,Mechanic,2021-01-08,
PERSON_00423,ORG_0040,Consultant,2022-05-18,
PERSON_00424,ORG_0047,Student,2022-11-17,2023-12-28
PERSON_00425,ORG_0054,Consultant,2021-08-09,
PERSON_00426,ORG_0006,Contractor,2021-08-12,
PERSON_00427,ORG_0013,Broker,2021-02-09,2023-04-04
PERSON_00428,ORG_0020,Contractor,2022-11-03,
PERSON_00429,ORG_0027,Warehouse Assistant,2021-12-25,
PERSON_00430,ORG_0034,Office Assistant,2022-04-02,2025-03-01
PERSON_00431,ORG_0041,Accountant,2021-03-30,
PERSON_00432,ORG_0048,Contractor,2022-05-05,
PERSON_00433,ORG_0055,Accountant,2022-12-01,2024-10-22
PERSON_00434,ORG_0007,Student,2021-07-06,
PERSON_00435,ORG_0014,Driver,2022-04-15,
PERSON_00436,ORG_0021,Clerk,2022-11-04,2023-10-05
PERSON_00437,ORG_0028,Broker,2021-03-22,
PERSON_00438,ORG_0035,Student,2022-08-11,
PERSON_00439,ORG_0042,Warehouse Assistant,2021-06-16,2023-04-14
PERSON_00440,ORG_0049,Office Assistant,2022-09-08,
PERSON_00441,ORG_0001,Broker,2022-10-10,
PERSON_00442,ORG_0008,Consultant,2021-11-07,2024-01-23
PERSON_00443,ORG_0015,Broker,2022-09-26,
PERSON_00444,ORG_0022,Consultant,2021-08-12,
PERSON_00445,ORG_0029,Teacher,2021-06-15,2023-10-24
PERSON_00446,ORG_0036,Clerk,2021-03-29,
PERSON_00447,ORG_0043,Office Assistant,2022-06-20,
PERSON_00448,ORG_0050,Accountant,2021-05-11,2023-01-23
PERSON_00449,ORG_0002,Student,2021-01-06,
PERSON_00450,ORG_0009,Shop Owner,2021-09-02,
