person_id,full_name,date_of_birth,gender,state,city,aadhaar,pan,occupation,risk_role
PERSON_00001,Rakesh Prasad,1992-06-16,Male,Bihar,Patna,760920269855,ZGUKV9016U,Accountant,civilian
PERSON_00002,Rakesh Nayak,1997-01-19,Male,Odisha,Bhubaneswar,037125255028,YKKXX8602D,Technician,civilian
PERSON_00003,Nitin Kumar,1992-05-16,Male,Goa,Panaji,445493005938,YCRVM7949N,Office Assistant,network_associate
PERSON_00004,Sunil Mehta,1962-09-05,Male,Gujarat,Ahmedabad,218082916825,IQSCJ6988N,Sales Executive,civilian
PERSON_00005,Sunil Naik,1978-06-08,Male,Goa,Panaji,925704019015,TMPVG0180T,Shop Owner,civilian
PERSON_00006,Vivek Yadav,1966-06-11,Female,Madhya Pradesh,Indore,813514744572,AXEHM2824S,Consultant,network_associate
PERSON_00007,Vikas Kumar,1985-01-26,Female,Jharkhand,Ranchi,544100255061,LREWS8454T,Accountant,civilian
PERSON_00008,Ajay Naik,1992-07-23,Female,Karnataka,Bengaluru,364531030323,YRFLN1140I,Consultant,network_associate
PERSON_00009,Rohit Kumar,1996-04-21,Female,Chhattisgarh,Raipur,846242944470,ZCLXF1261G,Sales Executive,civilian
PERSON_00010,Vikas Yadav,1964-02-20,Female,Uttar Pradesh,Noida,671379892657,VJSLO9888A,Clerk,network_associate
PERSON_00011,Manoj Saha,1986-02-26,Female,West Bengal,Kolkata,205656287554,CDKTE1033K,Accountant,civilian
PERSON_00012,Arjun Verma,1991-09-22,Female,Chhattisgarh,Raipur,118189118136,CPLTB5687O,Student,network_associate
PERSON_00013,Ajay Naidu,1998-11-07,Male,Andhra Pradesh,Vijayawada,195565854011,MRVIG1701W,Office Assistant,civilian
PERSON_00014,Nilesh Patil,1970-10-15,Female,Maharashtra,Mumbai,845766190209,NJKAO4231H,Supervisor,network_associate
PERSON_00015,Kiran Kumar,1968-06-06,Male,Andhra Pradesh,Vijayawada,018341583798,WNDYD5726I,Shop Owner,civilian
PERSON_00016,Suresh Pillai,1986-06-09,Male,Kerala,Kochi,999450140310,QZTGE5657M,Warehouse Assistant,network_associate
PERSON_00017,Dinesh Nair,1992-03-26,Female,Kerala,Kochi,956605951334,VNPFW8782F,Clerk,network_associate
PERSON_00018,Subhash Prasad,1984-02-03,Male,Bihar,Patna,143970611117,UIZKX1851X,Student,network_associate
PERSON_00019,Arun Kumar,1970-07-16,Female,Andhra Pradesh,Vijayawada,063040755727,GQIWZ1368L,Clerk,civilian
PERSON_00020,Rajesh Naidu,1968-06-04,Male,Telangana,Hyderabad,864931434568,XYDWO5171X,Sales Executive,network_associate
PERSON_00021,Sanjay Jain,1960-04-27,Female,Madhya Pradesh,Indore,322922515568,CZZKX0038J,Student,network_associate
PERSON_00022,Subhash Kumar,1968-08-06,Male,Bihar,Patna,249447796818,GPPMB9671D,Teacher,network_associate
PERSON_00023,Suresh Das,1984-11-14,Male,West Bengal,Kolkata,415357752499,BOFLK7222G,Driver,network_associate
PERSON_00024,Manish Kamat,1960-06-02,Female,Goa,Panaji,157136747752,PDVED3922S,Student,civilian
PERSON_00025,Suresh Sahu,1964-06-05,Male,Odisha,Bhubaneswar,628672436341,UDHKZ5398S,Technician,civilian
PERSON_00026,Sachin Shinde,1997-11-13,Male,Maharashtra,Mumbai,084374946567,YJAQT2693D,Shop Owner,civilian
PERSON_00027,Ravi Verma,1969-03-11,Male,Chhattisgarh,Raipur,519432460078,JTGTJ7017R,Shop Owner,civilian
PERSON_00028,Pankaj Verma,1992-12-19,Male,Delhi,Delhi,477461364459,GDUOA8412X,Warehouse Assistant,civilian
PERSON_00029,Vikas Singh,1973-09-15,Male,Uttar Pradesh,Noida,284734092822,KGHWW8150U,Office Assistant,civilian
PERSON_00030,Vignesh Shetty,1972-02-21,Male,Karnataka,Bengaluru,177498313475,PPJKI8017B,Mechanic,network_associate
PERSON_00031,Akash Kamat,2002-12-01,Male,Goa,Panaji,047320539807,SEJBS3217Y,Student,civilian
PERSON_00032,Vivek Yadav,1999-06-13,Female,Chhattisgarh,Raipur,217881536731,KALFM3028N,Teacher,network_associate
PERSON_00033,Jayesh More,1993-12-27,Female,Maharashtra,Mumbai,867468896937,VYIJD3898C,Student,network_associate
PERSON_00034,Prasad Reddy,1960-04-16,Female,Andhra Pradesh,Vijayawada,946393867356,NLNRO5012K,Student,civilian
PERSON_00035,Nitin Patil,1971-01-15,Male,Maharashtra,Mumbai,764837865878,EAQDJ3787J,Teacher,civilian
PERSON_00036,Amit Patnaik,1998-06-20,Male,Odisha,Bhubaneswar,434229996279,KPDAO0682M,Clerk,civilian
PERSON_00037,Vivek Yadav,1990-05-01,Male,Uttar Pradesh,Noida,114280826201,NSMNQ3490K,Contractor,civilian
PERSON_00038,Rakesh Prasad,1963-03-15,Female,Bihar,Patna,287642402611,TJFRH3218U,Clerk,network_associate
PERSON_00039,Sanjay Sharma,1960-04-24,Female,Rajasthan,Jaipur,277075128891,PHTYE2878E,Mechanic,civilian
PERSON_00040,Arjun Verma,2000-06-21,Male,Rajasthan,Jaipur,225378124801,TIZUR0391B,Student,civilian
PERSON_00041,Prasad Rao,1965-07-12,Male,Andhra Pradesh,Vijayawada,266856869126,YAOZP1437U,Clerk,civilian
PERSON_00042,Manoj Naidu,1994-12-14,Female,Andhra Pradesh,Vijayawada,912437693262,MVVJX9583L,Driver,civilian
PERSON_00043,Hitesh Mehta,1969-10-24,Female,Gujarat,Ahmedabad,213836674334,PILNW7707C,Student,civilian
PERSON_00044,Prasad Menon,1961-10-04,Male,Kerala,Kochi,599764662265,FPPHV5375Y,Warehouse Assistant,civilian
PERSON_00045,Deepak Sharma,1986-06-11,Male,Delhi,Delhi,436633488729,LYBZJ9422S,Mechanic,network_associate
PERSON_00046,Arun Babu,1984-12-15,Male,Tamil Nadu,Chennai,455776103967,WVMIM5314B,Contractor,network_associate
PERSON_00047,Kiran Kumar,1986-09-10,Female,Kerala,Kochi,736575833651,MBTAN0960G,Consultant,civilian
PERSON_00048,Mahesh Reddy,1964-03-01,Female,Telangana,Hyderabad,992115431379,RWATQ6742X,Warehouse Assistant,network_associate
PERSON_00049,Debasish Behera,1994-04-27,Male,Odisha,Bhubaneswar,860294925951,SQQOS9634O,Broker,civilian
PERSON_00050,Deepak Kumar Verma,1992-09-14,Male,Chhattisgarh,Raipur,768850233579,OIYQC8315L,Teacher,civilian
PERSON_00051,Harish Gowda,1973-06-27,Male,Karnataka,Bengaluru,205774609231,YWXJI4891G,Supervisor,civilian
PERSON_00052,Vivek Yadav,1973-05-02,Male,Chhattisgarh,Raipur,348142242577,SDFUO7740X,Technician,network_associate
PERSON_00053,Kiran Raj,1973-05-23,Male,Tamil Nadu,Chennai,450315288192,GYHSL9297X,Office Assistant,network_associate
PERSON_00054,Anil Varma,1996-06-14,Female,Kerala,Kochi,172353953100,PILUK4811J,Warehouse Assistant,network_associate
PERSON_00055,Ajay Gowda,1975-05-02,Male,Karnataka,Bengaluru,965949906466,YKURF1377K,Accountant,network_associate
PERSON_00056,Debasish Behera,1980-03-23,Female,Odisha,Bhubaneswar,384659851818,DUMXZ9932A,Consultant,civilian
PERSON_00057,Arjun Singh,1991-11-23,Male,Delhi,Delhi,094129790773,JGSRV0484N,Clerk,civilian
PERSON_00058,Arjun Prasad,1990-08-06,Female,Jharkhand,Ranchi,599730828396,QKSYK0991L,Accountant,network_associate
PERSON_00059,Suresh Saha,1969-08-01,Female,West Bengal,Kolkata,519601349423,FNRZB8732M,Clerk,civilian
PERSON_00060,Deepak Pawar,1976-10-20,Female,Maharashtra,Mumbai,345725754968,HRRVH8339H,Consultant,network_associate
PERSON_00061,Suresh Kumar,1972-11-08,Female,Tamil Nadu,Chennai,221319468195,ZVFLB1675W,Supervisor,network_associate
PERSON_00062,Rakesh Sahu,1996-04-02,Male,Odisha,Bhubaneswar,780986443628,WPQCX6998E,Warehouse Assistant,civilian
PERSON_00063,Ashok Sahu,1988-10-11,Female,Chhattisgarh,Raipur,485350886278,BIHPG3016D,Sales Executive,network_associate
PERSON_00064,Srinivas Nair,1974-10-18,Male,Kerala,Kochi,441638921626,DBGQE2583X,Student,civilian
PERSON_00065,Prakash Pawar,1977-04-09,Male,Maharashtra,Mumbai,145025324105,BYSYD1913I,Student,network_associate
PERSON_00066,Vikas Meena,1992-10-16,Male,Rajasthan,Jaipur,167815535966,SUBDY9444L,Driver,civilian
PERSON_00067,Ramesh Raj,1996-05-08,Female,Tamil Nadu,Chennai,322517500841,MSEPF3861B,Broker,network_associate
PERSON_00068,Suresh Rao,1979-02-13,Female,Andhra Pradesh,Vijayawada,913744910115,GJKTR6151C,Student,civilian
PERSON_00069,Deepak Nayak,1968-10-05,Female,Odisha,Bhubaneswar,059791744237,HQIMC1144J,Shop Owner,civilian
PERSON_00070,Amit Yadav,1973-03-23,Female,Bihar,Patna,482686794456,IJPJQ9229W,Broker,civilian
PERSON_00071,Manoj Gupta,1965-03-12,Female,Delhi,Delhi,471783973646,PKRDO0262T,Technician,civilian
PERSON_00072,Manoj Jain,1976-04-26,Male,Madhya Pradesh,Indore,428961590918,GBHNV0800B,Office Assistant,network_associate
PERSON_00073,Rohit Kamat,1974-07-25,Male,Goa,Panaji,703283979477,XXOOB5119M,Shop Owner,civilian
PERSON_00074,Amit Sahu,1963-11-17,Male,Jharkhand,Ranchi,829107014966,EGSPI5980M,Technician,network_associate
PERSON_00075,Subhash Singh,1977-08-19,Female,Bihar,Patna,759448384189,QFHOY8568N,Clerk,network_associate
PERSON_00076,Sunil Verma,1969-04-12,Female,Rajasthan,Jaipur,802279759124,PNRDB1959O,Technician,network_associate
PERSON_00077,Sachin Naik,1994-11-16,Male,Goa,Panaji,316158962594,WBSRT8924H,Supervisor,civilian
PERSON_00078,Santosh Patnaik,1966-09-24,Female,Odisha,Bhubaneswar,722412808408,BNUUR7893V,Supervisor,civilian
PERSON_00079,Vinod Kumar,1996-06-06,Male,Telangana,Hyderabad,291001408363,RDMEM9225W,Driver,civilian
PERSON_00080,Karthik Rao,1976-06-20,Male,Karnataka,Bengaluru,299231367466,LTHYE4139A,Office Assistant,civilian
PERSON_00081,Deepak Sharma,1988-01-10,Female,Madhya Pradesh,Indore,958777333798,DKSTH7507U,Shop Owner,network_associate
PERSON_00082,Ravi Naidu,2001-05-04,Female,Andhra Pradesh,Vijayawada,422553119385,OOHQP4508X,Driver,civilian
PERSON_00083,Amit Das,1999-08-11,Female,West Bengal,Kolkata,447340041884,YBSUS9665F,Mechanic,civilian
PERSON_00084,Anil Reddy,1997-04-21,Female,Andhra Pradesh,Vijayawada,796975205601,MKSHX9139L,Sales Executive,network_associate
PERSON_00085,Deepak Singh,1992-11-25,Male,Uttar Pradesh,Noida,628842454243,XTZBD3691U,Teacher,civilian
PERSON_00086,Vikas Meena,1965-12-21,Female,Rajasthan,Jaipur,828044262467,MAPJW1263Z,Accountant,network_associate
PERSON_00087,Rajesh Das,1991-02-02,Female,Jharkhand,Ranchi,001296994235,AWEDI8962C,Contractor,network_associate
PERSON_00088,Vivek Patel,1964-04-28,Male,Gujarat,Ahmedabad,726879697032,NHKVC7027Y,Broker,network_associate
PERSON_00089,Sunil Singh,1975-01-01,Female,Uttar Pradesh,Noida,491729551963,MEVXB5119J,Student,network_associate
PERSON_00090,Prakash Shinde,1997-07-07,Female,Maharashtra,Mumbai,231804151865,XQVBM4721H,Driver,civilian
PERSON_00091,Ravi Jain,1970-06-16,Female,Rajasthan,Jaipur,674935899061,VAHIV8365Q,Shop Owner,civilian
PERSON_00092,Anil Rao,1965-09-03,Female,Karnataka,Bengaluru,797397654477,ORRAZ0661Z,Mechanic,network_associate
PERSON_00093,Amit Verma,1972-09-23,Female,Delhi,Delhi,200718527874,XAPJF2593H,Warehouse Assistant,network_associate
PERSON_00094,Anil Behera,1971-02-16,Female,Odisha,Bhubaneswar,689872160345,ODBCR0979E,Clerk,civilian
PERSON_00095,Rajesh Behera,1968-11-21,Male,Odisha,Bhubaneswar,837504943536,DHZRO5496B,Broker,network_associate
PERSON_00096,Ajay Selvam,1979-01-24,Male,Tamil Nadu,Chennai,876044659930,BASCF8758J,Sales Executive,civilian
PERSON_00097,Subhash Roy,1960-10-28,Female,West Bengal,Kolkata,981196690551,ATIZB4487U,Consultant,civilian
PERSON_00098,Pawan Ghosh,2000-11-07,Female,West Bengal,Kolkata,314247945601,WGVWY6186O,Supervisor,civilian
PERSON_00099,Subhash Behera,1968-04-27,Female,Odisha,Bhubaneswar,018054984647,AVZYA7743S,Driver,civilian
PERSON_00100,Ashok Lal Kumar,1980-08-01,Male,Uttar Pradesh,Noida,506016112092,BRHHR8931P,Mechanic,network_associate
PERSON_00101,Ravi Babu,1961-08-09,Male,Telangana,Hyderabad,805657597785,TLOCI8383D,Consultant,network_associate
PERSON_00102,Sanjay Gupta,1978-12-05,Male,Delhi,Delhi,482772946344,RECDT2416H,Consultant,civilian
PERSON_00103,Vivek Sharma,1984-08-24,Male,Madhya Pradesh,Indore,605959588059,PHGHZ1280O,Student,network_associate
PERSON_00104,Harish Kumar,1989-08-20,Female,Karnataka,Bengaluru,219318252031,KTIRD6111L,Consultant,civilian
PERSON_00105,Nitin Pawar,1962-04-06,Male,Maharashtra,Mumbai,515508143559,KGOSG5486E,Driver,network_associate
PERSON_00106,Anil Verma,1998-03-06,Male,Uttar Pradesh,Noida,903498566436,PXTYM8182N,Driver,network_associate
PERSON_00107,Prakash Kamat,1991-03-11,Female,Goa,Panaji,742398299456,GQUAZ1758I,Broker,civilian
PERSON_00108,Prasad Naik,1968-09-28,Male,Karnataka,Bengaluru,643269918617,PLWVE7686A,Teacher,civilian
PERSON_00109,Nitin Shah,1987-01-17,Male,Goa,Panaji,678619706399,TRAXI2470X,Contractor,civilian
PERSON_00110,Kiran Pillai,1975-12-06,Female,Kerala,Kochi,932958620078,WIKPX9219C,Contractor,network_associate
PERSON_00111,Dinesh Reddy,1992-09-14,Female,Andhra Pradesh,Vijayawada,699364275278,LNSOC0881Y,Mechanic,civilian
PERSON_00112,Vinod Shetty,1987-09-04,Female,Karnataka,Bengaluru,108704111608,ABYNI4161J,Warehouse Assistant,civilian
PERSON_00113,Pankaj Yadav,1989-01-21,Female,Chhattisgarh,Raipur,134015423562,IUIZT5975I,Mechanic,network_associate
PERSON_00114,Sunil Naik,1980-06-27,Female,Goa,Panaji,856375758326,DFVVZ4663C,Shop Owner,network_associate
PERSON_00115,Subhash Patnaik,1996-11-13,Male,Odisha,Bhubaneswar,631827148772,TWZMY3119M,Student,civilian
PERSON_00116,Deepak Rao,1982-07-11,Male,Goa,Panaji,585671357364,RBAZB6109W,Shop Owner,civilian
PERSON_00117,Amit Singh,1962-04-15,Female,Bihar,Patna,102127093456,TPQGR9664I,Driver,network_associate
PERSON_00118,Rohit More,1973-06-28,Female,Maharashtra,Mumbai,802255376984,ZMIPZ5806K,Contractor,network_associate
PERSON_00119,Deepak Shah,1995-01-20,Male,Goa,Panaji,151691880880,SWKWU3462E,Student,civilian
PERSON_00120,Deepak Verma,1961-09-05,Female,Uttar Pradesh,Noida,163574802620,HAPVV9884E,Office Assistant,civilian
PERSON_00121,Manoj Babu,1973-06-16,Female,Andhra Pradesh,Vijayawada,399396274786,CBAWL2853T,Clerk,civilian
PERSON_00122,Santosh Dutta,1992-10-19,Female,West Bengal,Kolkata,733032258792,TWYVU8617B,Accountant,network_associate
PERSON_00123,Santosh Prasad,1989-07-26,Female,Bihar,Patna,069207100413,QWQBC4555V,Broker,network_associate
PERSON_00124,Pawan Kumar,1962-04-17,Female,Bihar,Patna,867267009383,APBUB6584Z,Mechanic,civilian
PERSON_00125,Srinivas Naidu,1982-08-19,Male,Telangana,Hyderabad,319544961873,QBNUQ1534V,Mechanic,civilian
PERSON_00126,Rohit Sahu,1985-05-11,Male,Jharkhand,Ranchi,601447948196,FKJEA2831W,Warehouse Assistant,network_associate
PERSON_00127,Pankaj Das,2001-10-07,Male,Jharkhand,Ranchi,186581195029,HUCCU2021X,Accountant,network_associate
PERSON_00128,Suresh Babu,1993-04-04,Female,Telangana,Hyderabad,216397086677,ZCCHS7641L,Office Assistant,network_associate
PERSON_00129,Rohit Mishra,1967-07-22,Female,Uttar Pradesh,Noida,382790677758,ETICH0061K,Consultant,network_associate
PERSON_00130,Amit Pawar,1993-03-16,Female,Maharashtra,Mumbai,756787590541,KPBHG3517B,Consultant,network_associate
PERSON_00131,Rohit Verma,1984-06-05,Male,Madhya Pradesh,Indore,682332655742,QKEBK2329E,Driver,civilian
PERSON_00132,Vivek Mishra,1986-11-28,Male,Uttar Pradesh,Noida,157926074582,RZCUA8405O,Teacher,civilian
PERSON_00133,Santosh Sahu,2002-01-28,Female,Odisha,Bhubaneswar,338367752888,DYHZL3433I,Supervisor,network_associate
PERSON_00134,Arun Babu,1961-11-06,Male,Telangana,Hyderabad,577436540491,ZJYSU5892Q,Clerk,network_associate
PERSON_00135,Ramesh Naidu,1979-12-17,Female,Telangana,Hyderabad,236826009603,YPYGW5045S,Technician,civilian
PERSON_00136,Srinivas Gowda,1973-09-25,Female,Karnataka,Bengaluru,277429330769,FEUPJ5211E,Contractor,civilian
PERSON_00137,Ramesh Selvam,1973-05-19,Male,Tamil Nadu,Chennai,040516354219,LBZJO9566R,Warehouse Assistant,civilian
PERSON_00138,Manoj Yadav,1971-09-06,Male,Bihar,Patna,185405171885,CLZQI7692G,Supervisor,civilian
PERSON_00139,Naveen Kumar,1993-09-10,Female,Andhra Pradesh,Vijayawada,755675136542,OYXIX0564I,Supervisor,civilian
PERSON_00140,Manoj Singh,1981-07-07,Female,Bihar,Patna,008378054515,LEKZD9541X,Mechanic,civilian
PERSON_00141,Amit Singh,1990-02-17,Female,Uttar Pradesh,Noida,304559575287,DFVES0895D,Shop Owner,network_associate
PERSON_00142,Jayesh Mehta,1989-03-15,Female,Gujarat,Ahmedabad,068470500755,OCDMO3765E,Driver,civilian
PERSON_00143,Rohit Verma,1977-06-23,Female,Madhya Pradesh,Indore,423241704671,NGIJQ7350G,Clerk,civilian
PERSON_00144,Amit Meena,1984-12-01,Male,Rajasthan,Jaipur,780327268132,HKYGO9237W,Clerk,network_associate
PERSON_00145,Subhash Das,1975-07-25,Female,Odisha,Bhubaneswar,283409805151,NNIUZ6196Y,Sales Executive,civilian
PERSON_00146,Rohit Joshi,1961-03-18,Female,Gujarat,Ahmedabad,463533455901,EQBYZ7854Z,Office Assistant,civilian
PERSON_00147,Rohit Shinde,1994-12-24,Female,Maharashtra,Mumbai,829933698428,DVTSE3153Y,Student,network_associate
PERSON_00148,Manoj Prasad,1970-08-16,Male,Bihar,Patna,150493043521,QUBKT2259M,Warehouse Assistant,network_associate
PERSON_00149,Arjun Gupta,1976-03-05,Male,Delhi,Delhi,441281346029,IKQQJ7887G,Warehouse Assistant,civilian
PERSON_00150,Vinod Krishna Menon,1985-10-25,Male,Kerala,Kochi,933686551081,ORIOC7301D,Clerk,civilian
PERSON_00151,Sunil Yadav,1967-02-28,Male,Madhya Pradesh,Indore,187181187846,DHGXK9857J,Student,civilian
PERSON_00152,Ravi Kumar,1962-07-05,Male,Karnataka,Bengaluru,411164275935,JSYBI0542G,Accountant,network_associate
PERSON_00153,Harish Varma,1981-03-27,Female,Kerala,Kochi,902875116964,KYMBN9053X,Mechanic,network_associate
PERSON_00154,Debasish Singh,1989-06-26,Female,Bihar,Patna,359826893201,XRPND8311K,Technician,network_associate
PERSON_00155,Jayesh Mehta,1980-04-19,Male,Gujarat,Ahmedabad,878432249213,CRAHX4462J,Teacher,network_associate
PERSON_00156,Ravi Prasad,1980-01-22,Male,Jharkhand,Ranchi,181377902566,DLEJV6020B,Broker,network_associate
PERSON_00157,Rakesh Patnaik,1970-02-14,Female,Odisha,Bhubaneswar,688379689974,DWTDE8282Y,Accountant,civilian
PERSON_00158,Deepak Kumar,1977-05-11,Male,Chhattisgarh,Raipur,566208983477,CWHMC5967O,Supervisor,civilian
PERSON_00159,Rohit Singh,1966-10-12,Male,Delhi,Delhi,728987409305,KEKQX3645R,Supervisor,network_associate
PERSON_00160,Amit Singh,2000-05-05,Male,Bihar,Patna,388814811808,MSUEI6511M,Clerk,network_associate
PERSON_00161,Ravi Kumar,1989-09-11,Female,Uttar Pradesh,Noida,100881090167,SROBO3203L,Accountant,network_associate
PERSON_00162,Rajesh Meena,1975-11-24,Male,Rajasthan,Jaipur,366250733921,IMMRI8759K,Sales Executive,network_associate
PERSON_00163,Anil Prasad,1991-12-28,Male,Tamil Nadu,Chennai,912257202075,UEMQW1617E,Warehouse Assistant,civilian
PERSON_00164,Naveen Menon,1973-12-09,Male,Kerala,Kochi,857501380484,OIJYF2547F,Consultant,network_associate
PERSON_00165,Rajesh Singh,1976-06-27,Male,Delhi,Delhi,399567696615,PZIDX4257Z,Sales Executive,civilian
PERSON_00166,Anil Raj,1987-02-26,Female,Tamil Nadu,Chennai,617422764288,AORQB0829S,Teacher,network_associate
PERSON_00167,Deepak Sahu,1992-04-02,Female,Odisha,Bhubaneswar,806201254573,QPCGP4226H,Teacher,network_associate
PERSON_00168,Ravi Kumar,1963-04-08,Male,Chhattisgarh,Raipur,239055654836,TMBON2446Y,Supervisor,civilian
PERSON_00169,Ganesh Raj,1998-11-24,Female,Tamil Nadu,Chennai,557968773115,NLHMX3261L,Warehouse Assistant,network_associate
PERSON_00170,Pankaj Gupta,1976-06-12,Female,Delhi,Delhi,007874322270,FCDVO0707T,Teacher,civilian
PERSON_00171,Santosh Kumar,1990-11-26,Male,Bihar,Patna,163776750021,WODUM0266N,Consultant,network_associate
PERSON_00172,Rajesh Sahu,1964-09-05,Female,Odisha,Bhubaneswar,767525210728,XYOSJ2424C,Clerk,civilian
PERSON_00173,Ravi Verma,1993-02-27,Female,Andhra Pradesh,Vijayawada,792457418911,GEQMK2283R,Broker,civilian
PERSON_00174,Suresh Nayak,2002-07-06,Female,Odisha,Bhubaneswar,959603958673,ZTWOS3395N,Sales Executive,civilian
PERSON_00175,Rohit Jain,1989-03-15,Female,Madhya Pradesh,Indore,530057731368,DCVIP2836S,Driver,civilian
PERSON_00176,Prakash Shinde,1982-08-26,Male,Maharashtra,Mumbai,729224298833,YSACG2107Y,Clerk,civilian
PERSON_00177,Jayesh Rao,1983-10-06,Male,Goa,Panaji,446952212220,ENBTZ9662V,Accountant,civilian
PERSON_00178,Rohit Singh,1967-09-17,Male,Jharkhand,Ranchi,662521471567,NZIGY2314U,Contractor,civilian
PERSON_00179,Rohit Kumar,1961-02-12,Female,Chhattisgarh,Raipur,359781921009,TMGAI0423M,Broker,network_associate
PERSON_00180,Srinivas Reddy,2001-06-23,Female,Andhra Pradesh,Vijayawada,549777800176,ETJKI2010M,Consultant,network_associate
PERSON_00181,Deepak Yadav,1978-06-15,Male,Chhattisgarh,Raipur,008908863552,VTWWB1148W,Mechanic,civilian
PERSON_00182,Nitin Patel,1975-02-11,Male,Gujarat,Ahmedabad,336952654797,JKFUE8484U,Broker,network_associate
PERSON_00183,Nitin Shinde,1975-11-02,Male,Maharashtra,Mumbai,314034844353,LJBDD1943K,Driver,civilian
PERSON_00184,Ravi Singh,1990-02-24,Male,Uttar Pradesh,Noida,517249503514,BTCHA4521Z,Broker,network_associate
PERSON_00185,Ganesh Kumar,1994-09-05,Male,Telangana,Hyderabad,788107247124,HQHTV3808D,Mechanic,civilian
PERSON_00186,Debasish Prasad,1988-03-04,Female,Bihar,Patna,387596894301,VXXWT2661S,Technician,civilian
PERSON_00187,Pankaj Sharma,1960-11-21,Female,Rajasthan,Jaipur,362539942652,XKAXA6816D,Office Assistant,civilian
PERSON_00188,Prakash Pawar,1987-05-23,Male,Maharashtra,Mumbai,649581899300,ZHVPI3864D,Supervisor,civilian
PERSON_00189,Manoj Raj,1992-09-09,Male,Tamil Nadu,Chennai,661573451126,XWPHD5704B,Shop Owner,network_associate
PERSON_00190,Akash Kumar,1978-09-07,Male,Goa,Panaji,509456895526,JKPAF9292S,Teacher,civilian
PERSON_00191,Jayesh Shinde,1992-03-07,Male,Maharashtra,Mumbai,111596671706,STPJS6220C,Consultant,network_associate
PERSON_00192,Sunil Verma,1979-02-26,Male,Uttar Pradesh,Noida,099965402495,TAKUQ1600H,Consultant,civilian
PERSON_00193,Suresh Patnaik,1981-07-26,Male,Odisha,Bhubaneswar,621187305111,KTKWW1871X,Driver,network_associate
PERSON_00194,Anil Mishra,1964-12-11,Female,Uttar Pradesh,Noida,057803408999,RBSTE7524G,Shop Owner,network_associate
PERSON_00195,Deepak Kumar,1971-12-22,Female,Delhi,Delhi,409454706358,TABCY7880Q,Driver,network_associate
PERSON_00196,Vignesh Naik,1975-08-14,Female,Karnataka,Bengaluru,087867448562,YDHUH8087N,Supervisor,network_associate
PERSON_00197,Harish Babu,1987-03-22,Female,Telangana,Hyderabad,451869226663,SQBGT1940Q,Broker,civilian
PERSON_00198,Deepak Singh,1960-09-05,Male,Uttar Pradesh,Noida,791937533347,CJZPH4383D,Office Assistant,network_associate
PERSON_00199,Vivek Jadhav,1970-09-15,Female,Maharashtra,Mumbai,253167391429,DITQA7130H,Supervisor,civilian
PERSON_00200,Amit Kumar Patel,1965-12-05,Male,Gujarat,Ahmedabad,300387608077,UONBH3673M,Driver,civilian
PERSON_00201,Suresh Rao,1975-05-20,Male,Telangana,Hyderabad,462472165752,THZOL1265O,Teacher,civilian
PERSON_00202,Rohit Verma,1994-06-15,Male,Chhattisgarh,Raipur,516457581203,TTKAF5805A,Driver,network_associate
PERSON_00203,Srinivas Selvam,1984-03-14,Female,Tamil Nadu,Chennai,442172412030,VUPOT5345P,Warehouse Assistant,civilian
PERSON_00204,Ashok Yadav,1976-02-14,Male,Chhattisgarh,Raipur,247273601868,KQWBM0189G,Clerk,civilian
PERSON_00205,Vivek Rao,1973-05-11,Female,Goa,Panaji,357237132295,IRWJA1852E,Warehouse Assistant,network_associate
PERSON_00206,Vivek Joshi,1974-10-22,Male,Gujarat,Ahmedabad,017906099053,DOCCP4707P,Clerk,civilian
PERSON_00207,Rajesh Raj,1981-06-13,Female,Tamil Nadu,Chennai,552194097588,XTATJ3237Y,Shop Owner,network_associate
PERSON_00208,Arun Gowda,1993-06-19,Male,Karnataka,Bengaluru,098074935688,HTTRC5311G,Student,civilian
PERSON_00209,Anil Kumar,1998-06-07,Male,Uttar Pradesh,Noida,017911648332,WPKCH9201Y,Supervisor,network_associate
PERSON_00210,Ashok Mishra,1968-01-17,Female,Uttar Pradesh,Noida,990064449938,ABHUQ0233U,Clerk,civilian
PERSON_00211,Vignesh Shetty,1990-09-09,Male,Karnataka,Bengaluru,004167261108,POZQF1456I,Mechanic,civilian
PERSON_00212,Ajay Babu,1999-04-12,Male,Andhra Pradesh,Vijayawada,392647160179,KWWFT6708E,Warehouse Assistant,civilian
PERSON_00213,Rajesh Patel,1975-03-01,Female,Madhya Pradesh,Indore,756044593665,EJIKX2277F,Clerk,civilian
PERSON_00214,Arjun Mishra,1996-01-07,Female,Uttar Pradesh,Noida,385700261108,NSRGJ3398E,Office Assistant,network_associate
PERSON_00215,Kiran Varma,1969-08-26,Female,Kerala,Kochi,566534715279,KLUAV1441F,Technician,civilian
PERSON_00216,Debasish Jha,1966-10-01,Male,Bihar,Patna,792589468461,POWRO3830H,Consultant,network_associate
PERSON_00217,Prasad Babu,1962-01-06,Female,Telangana,Hyderabad,461668306847,NQYVB1199B,Mechanic,civilian
PERSON_00218,Amit Patel,1980-04-16,Female,Chhattisgarh,Raipur,034943964778,OKRKL6522D,Shop Owner,civilian
PERSON_00219,Hitesh Patel,1986-03-27,Female,Gujarat,Ahmedabad,554494611500,OUUGB3115J,Contractor,network_associate
PERSON_00220,Santosh Singh,1990-02-16,Female,Bihar,Patna,272422343342,EYOXE1024C,Teacher,network_associate
PERSON_00221,Arjun Yadav,1990-08-04,Male,Uttar Pradesh,Noida,739119138031,GLRWQ5415H,Clerk,network_associate
PERSON_00222,Vamsi Babu,1962-02-01,Male,Andhra Pradesh,Vijayawada,191245017895,GQRYX5208O,Driver,civilian
PERSON_00223,Santosh Das,1960-10-02,Female,West Bengal,Kolkata,414718111434,ZWWRT2443J,Sales Executive,civilian
PERSON_00224,Deepak Saha,1972-10-21,Male,West Bengal,Kolkata,783496745234,JBMWC0048B,Contractor,network_associate
PERSON_00225,Sanjay Kumar,1976-04-20,Female,Uttar Pradesh,Noida,770067658352,PXBJQ8089M,Broker,civilian
PERSON_00226,Anil Meena,1972-06-01,Female,Rajasthan,Jaipur,218480817448,NHDWW4167U,Teacher,network_associate
PERSON_00227,Santosh Yadav,1994-04-13,Female,Bihar,Patna,189294832719,BNOHT5782V,Contractor,civilian
PERSON_00228,Rajesh Pillai,1990-03-05,Male,Kerala,Kochi,683396978826,HMDMT8877V,Mechanic,network_associate
PERSON_00229,Arjun Singh,1993-04-09,Male,Jharkhand,Ranchi,425495763719,JFRCE1079S,Student,network_associate
PERSON_00230,Anil Patnaik,1977-02-02,Female,Odisha,Bhubaneswar,517231480916,HNKSW4412P,Supervisor,civilian
PERSON_00231,Rajesh Nayak,1985-11-24,Female,Odisha,Bhubaneswar,018221259774,KYVIQ7392A,Supervisor,network_associate
PERSON_00232,Amit Verma,1977-01-27,Female,Rajasthan,Jaipur,714937831138,ZDJJO5851L,Teacher,civilian
PERSON_00233,Vivek Shinde,1969-04-16,Female,Maharashtra,Mumbai,553788055589,MXQXG0611Y,Driver,civilian
PERSON_00234,Rajesh Jha,1991-06-15,Female,Bihar,Patna,814159408920,GOQFK4962C,Clerk,network_associate
PERSON_00235,Harish Reddy,1991-08-21,Male,Telangana,Hyderabad,713406155155,ASASC1553Z,Warehouse Assistant,civilian
PERSON_00236,Vivek Shah,1985-01-09,Female,Gujarat,Ahmedabad,875664768627,CPSMB0352K,Technician,civilian
PERSON_00237,Mahesh Rao,1996-10-05,Male,Andhra Pradesh,Vijayawada,754774032659,VSVOP7564L,Consultant,network_associate
PERSON_00238,Amit Verma,1993-06-23,Male,Delhi,Delhi,586317807648,DUBCP2953G,Warehouse Assistant,civilian
PERSON_00239,Dinesh Prasad,1976-06-20,Female,Tamil Nadu,Chennai,329572506845,PGZOV6364O,Technician,civilian
PERSON_00240,Vikas Singh,1976-06-14,Female,Uttar Pradesh,Noida,188528285486,LSSUC4783Y,Accountant,network_associate
PERSON_00241,Rajesh Verma,1964-12-24,Male,Uttar Pradesh,Noida,306420343437,JHDLA9390J,Driver,network_associate
PERSON_00242,Vinod Selvam,1979-05-11,Male,Tamil Nadu,Chennai,717690491201,ZIIYJ2475X,Warehouse Assistant,network_associate
PERSON_00243,Manoj Verma,1986-05-19,Female,Delhi,Delhi,673970300700,HWHDP7545M,Shop Owner,civilian
PERSON_00244,Ravi Jain,1999-05-05,Male,Jharkhand,Ranchi,358402224393,XKHVO5017C,Technician,network_associate
PERSON_00245,Manoj Reddy,1972-06-14,Male,Telangana,Hyderabad,192947794933,DZXOA7665I,Broker,network_associate
PERSON_00246,Vivek Singh,1963-05-18,Male,Rajasthan,Jaipur,656865464210,ULOMF5546H,Shop Owner,civilian
PERSON_00247,Hitesh Kumar,1997-06-04,Female,Goa,Panaji,439953406480,CYFFG2183U,Warehouse Assistant,civilian
PERSON_00248,Suresh Ghosh,1978-05-12,Male,West Bengal,Kolkata,219069295876,FTKHY8949O,Technician,civilian
PERSON_00249,Rakesh Jha,1998-06-23,Male,Bihar,Patna,509771816775,CFRYA7737Z,Contractor,civilian
PERSON_00250,Mahesh Prasad Babu,1979-01-13,Male,Telangana,Hyderabad,595177021113,VWJST3317I,Student,network_associate
PERSON_00251,Manish Rao,1973-01-23,Female,Goa,Panaji,497330667861,JGAJN5610F,Clerk,civilian
PERSON_00252,Manish Desai,1973-12-14,Male,Gujarat,Ahmedabad,277449398950,YSNDO3872V,Teacher,civilian
PERSON_00253,Pawan Yadav,1979-05-28,Female,Bihar,Patna,550009351980,QXPRB0532Q,Clerk,civilian
PERSON_00254,Sunil Prasad,1991-03-19,Male,Jharkhand,Ranchi,743665641963,RGODD3052F,Consultant,civilian
PERSON_00255,Dinesh Reddy,1960-11-09,Female,Telangana,Hyderabad,550599169148,UBFLT6397Z,Warehouse Assistant,network_associate
PERSON_00256,Arun Prasad,2000-09-07,Female,Tamil Nadu,Chennai,153053857427,FFGQN2377M,Student,network_associate
PERSON_00257,Anil Rao,1974-07-02,Female,Karnataka,Bengaluru,719409652998,PZQPE1703F,Mechanic,civilian
PERSON_00258,Rajesh Sharma,1975-10-03,Female,Madhya Pradesh,Indore,073759596250,ITCXK5576Q,Consultant,civilian
PERSON_00259,Harish Kumar,1981-06-02,Female,Andhra Pradesh,Vijayawada,762636601786,TLGWJ5246Z,Contractor,civilian
PERSON_00260,Ravi Varma,1983-06-16,Female,Kerala,Kochi,918003230870,YCLHF1697J,Broker,civilian
PERSON_00261,Manoj Nayak,1991-12-08,Female,Odisha,Bhubaneswar,415748180919,AJQZM3832G,Technician,civilian
PERSON_00262,Arjun Kumar,2002-01-14,Female,Uttar Pradesh,Noida,279687567982,PVOPQ3465H,Sales Executive,network_associate
PERSON_00263,Manoj Rao,1999-12-16,Male,Karnataka,Bengaluru,921261657731,NQMYL5239Q,Warehouse Assistant,network_associate
PERSON_00264,Debasish Behera,1996-04-02,Female,Odisha,Bhubaneswar,432708192299,WLDIV7153A,Clerk,civilian
PERSON_00265,Karthik Reddy,1971-03-23,Female,Andhra Pradesh,Vijayawada,938214050501,CQSTU8258Q,Teacher,civilian
PERSON_00266,Amit Gupta,1987-03-11,Male,Delhi,Delhi,282685363687,PMZXM6734T,Shop Owner,civilian
PERSON_00267,Rohit Patil,1963-10-17,Male,Maharashtra,Mumbai,441112955316,HSCFT7230S,Shop Owner,network_associate
PERSON_00268,Nilesh More,1964-11-18,Female,Maharashtra,Mumbai,276288654930,VMVMJ9237L,Broker,network_associate
PERSON_00269,Rajesh Sahu,1969-05-14,Male,Odisha,Bhubaneswar,171859444811,GTHAO8258M,Office Assistant,network_associate
PERSON_00270,Prakash Mehta,1990-07-09,Male,Gujarat,Ahmedabad,292150775188,LHMZG4809X,Mechanic,civilian
PERSON_00271,Rajesh Kumar,1989-02-02,Female,Chhattisgarh,Raipur,103703166398,NPIKD5066Q,Supervisor,network_associate
PERSON_00272,Rohit Mehta,1997-04-18,Female,Gujarat,Ahmedabad,810906779678,GLIUO8851T,Office Assistant,network_associate
PERSON_00273,Rohit Sahu,1960-10-04,Male,Chhattisgarh,Raipur,524582694027,VNPGB1807F,Teacher,network_associate
PERSON_00274,Anil Shetty,1978-09-05,Female,Karnataka,Bengaluru,261846784823,XQTEC9053E,Clerk,civilian
PERSON_00275,Vivek Kumar,1968-09-01,Female,Uttar Pradesh,Noida,108696549951,BECOG0673J,Supervisor,network_associate
PERSON_00276,Ashok Patel,1989-12-11,Female,Chhattisgarh,Raipur,261780753287,EUESW5215W,Sales Executive,civilian
PERSON_00277,Rajesh Patnaik,1961-09-03,Female,Odisha,Bhubaneswar,674681720110,FDKFT1130Z,Consultant,civilian
PERSON_00278,Santosh Kumar,2002-03-05,Female,Bihar,Patna,026619969574,LOJQM4934T,Sales Executive,civilian
PERSON_00279,Arjun Sahu,1966-05-26,Male,Jharkhand,Ranchi,727588249588,KMAAU7411E,Teacher,civilian
PERSON_00280,Sunil Meena,1984-09-03,Male,Rajasthan,Jaipur,200910761261,UKOXL1545Q,Consultant,civilian
PERSON_00281,Hitesh Shah,1964-01-26,Male,Gujarat,Ahmedabad,433458256199,JFLZF7944J,Shop Owner,civilian
PERSON_00282,Srinivas Nair,1997-11-15,Male,Kerala,Kochi,149834926097,PPRWY3053E,Broker,civilian
PERSON_00283,Mahesh Shetty,1995-01-23,Male,Karnataka,Bengaluru,134951938823,OKTSP6774A,Consultant,civilian
PERSON_00284,Rajesh Kumar,2000-10-04,Male,Telangana,Hyderabad,390977441009,ZXLCZ4617N,Accountant,civilian
PERSON_00285,Jayesh Kumar,1983-11-10,Male,Goa,Panaji,351923595386,SYMXE6053O,Accountant,civilian
PERSON_00286,Rakesh Prasad,1983-02-22,Female,Bihar,Patna,581903140900,RXUDJ8092J,Office Assistant,network_associate
PERSON_00287,Bikash Jha,1970-03-15,Male,Bihar,Patna,799074240766,LCIJQ5512E,Teacher,network_associate
PERSON_00288,Manoj Babu,1976-06-02,Female,Tamil Nadu,Chennai,553574710563,YILOG5525E,Sales Executive,network_associate
PERSON_00289,Suresh Kumar,1971-05-19,Male,Kerala,Kochi,278493268134,OLXYJ3956H,Consultant,civilian
PERSON_00290,Amit Prasad,1978-02-17,Female,Bihar,Patna,025370533661,ITMXK8103I,Driver,network_associate
PERSON_00291,Rakesh Saha,1994-04-03,Female,West Bengal,Kolkata,693790952083,LNLRW9937V,Office Assistant,network_associate
PERSON_00292,Vivek Sharma,1994-06-01,Male,Delhi,Delhi,623161778404,ZCPLI1200U,Technician,network_associate
PERSON_00293,Pankaj Verma,1978-05-11,Male,Rajasthan,Jaipur,263720216939,QMSJV9443T,Contractor,civilian
PERSON_00294,Rohit Yadav,1974-03-23,Male,Madhya Pradesh,Indore,817597689766,XCLOG8234O,Office Assistant,civilian
PERSON_00295,Sanjay Yadav,1966-02-02,Male,Chhattisgarh,Raipur,706812399497,XYKXV7250A,Supervisor,civilian
PERSON_00296,Rajesh Reddy,1967-02-01,Female,Telangana,Hyderabad,709918307952,TMSOU8437M,Driver,civilian
PERSON_00297,Manish Patil,1988-12-15,Female,Maharashtra,Mumbai,532532932953,XUEWS8397S,Consultant,network_associate
PERSON_00298,Prakash Shinde,1967-08-13,Female,Maharashtra,Mumbai,925942542609,UJOSY2914Y,Accountant,civilian
PERSON_00299,Rajesh Rao,1991-06-01,Male,Karnataka,Bengaluru,205891777693,YRNKN5348G,Teacher,civilian
PERSON_00300,Ajay Prasad Reddy,1967-10-20,Female,Telangana,Hyderabad,484339593542,GJSFO9416I,Shop Owner,network_associate
PERSON_00301,Ganesh Kumar,1968-03-02,Female,Karnataka,Bengaluru,909198395493,LMTPK5387F,Contractor,network_associate
PERSON_00302,Bikash Nayak,1991-07-04,Female,Odisha,Bhubaneswar,527069283073,WCTRV7936O,Contractor,network_associate
PERSON_00303,Bikash Sahu,1976-03-26,Female,Odisha,Bhubaneswar,706113879754,AMUOV2943Q,Driver,civilian
PERSON_00304,Jayesh Jadhav,1977-02-16,Male,Maharashtra,Mumbai,965326986409,GGPIJ3465Q,Office Assistant,civilian
PERSON_00305,Naveen Rao,1962-11-19,Male,Telangana,Hyderabad,913122299780,CBKRJ3762T,Mechanic,civilian
PERSON_00306,Hitesh Shah,1992-05-16,Male,Goa,Panaji,622272679274,WFLTG8718F,Consultant,civilian
PERSON_00307,Pawan Dutta,1973-01-03,Female,West Bengal,Kolkata,994705314695,QPOJD0924P,Broker,civilian
PERSON_00308,Ravi Sahu,1960-04-23,Female,Chhattisgarh,Raipur,519077347559,DUNZA0849K,Warehouse Assistant,civilian
PERSON_00309,Deepak Patnaik,2002-02-20,Male,Odisha,Bhubaneswar,360868082094,CDSIY0167C,Teacher,civilian
PERSON_00310,Amit Singh,1960-09-03,Female,Bihar,Patna,295352604381,SBSFZ9608I,Technician,network_associate
PERSON_00311,Mahesh Gowda,1964-02-22,Male,Karnataka,Bengaluru,462650336901,PKZOD7722G,Mechanic,civilian
PERSON_00312,Akash More,2001-02-12,Male,Maharashtra,Mumbai,851215612727,LOHUB5198P,Consultant,civilian
PERSON_00313,Rajesh Dutta,1995-07-02,Female,West Bengal,Kolkata,562020865419,QPHSE3724A,Student,civilian
PERSON_00314,Rajesh Singh,1972-11-07,Male,Delhi,Delhi,015792613922,XKUYV6010A,Clerk,civilian
PERSON_00315,Rakesh Nayak,1997-03-25,Female,Odisha,Bhubaneswar,808089071843,KTULA8507Y,Shop Owner,network_associate
PERSON_00316,Pawan Das,1968-09-23,Female,West Bengal,Kolkata,563434198533,JUYCU6001K,Supervisor,civilian
PERSON_00317,Bikash Behera,1972-07-16,Male,Odisha,Bhubaneswar,988675490526,NHMJH6076J,Technician,civilian
PERSON_00318,Rohit Yadav,1999-10-01,Female,Madhya Pradesh,Indore,950147829721,FTCCZ1203T,Technician,network_associate
PERSON_00319,Vinod Shetty,1983-09-03,Female,Tamil Nadu,Chennai,613599607176,FRBCF6313H,Sales Executive,civilian
PERSON_00320,Harish Pillai,1968-04-01,Male,Kerala,Kochi,602514897610,XIURV6249O,Supervisor,civilian
PERSON_00321,Rakesh Das,1998-10-24,Male,Odisha,Bhubaneswar,484536185499,HUZQK6881R,Teacher,network_associate
PERSON_00322,Ravi Kumar,1992-04-05,Male,Chhattisgarh,Raipur,733028524618,LWGJL4346Z,Technician,network_associate
PERSON_00323,Rohit Joshi,1967-12-24,Female,Gujarat,Ahmedabad,461949393818,PTAFG6231W,Sales Executive,civilian
PERSON_00324,Subhash Behera,1992-10-22,Male,Odisha,Bhubaneswar,263630376205,BKBDC5447I,Accountant,civilian
PERSON_00325,Anil Kumar,1985-04-03,Female,Karnataka,Bengaluru,491532362664,IXHXG2677J,Mechanic,civilian
PERSON_00326,Vivek Singh,1990-02-09,Female,Delhi,Delhi,445960531151,VITSE2484O,Contractor,civilian
PERSON_00327,Nitin Naik,1969-01-03,Male,Goa,Panaji,227834106410,JZNAH6204Q,Accountant,civilian
PERSON_00328,Karthik Rao,1989-12-06,Female,Telangana,Hyderabad,909016595541,HEOTE2678W,Contractor,network_associate
PERSON_00329,Ganesh Varma,1968-04-14,Male,Kerala,Kochi,380507349849,OVOZN3781C,Warehouse Assistant,network_associate
PERSON_00330,Rajesh Kumar,1987-10-05,Male,Tamil Nadu,Chennai,417674576716,GXDXE6741O,Broker,civilian
PERSON_00331,Sunil Kumar,1995-11-12,Male,Jharkhand,Ranchi,197430540980,YMLER0413B,Student,network_associate
PERSON_00332,Bikash Singh,1977-08-01,Male,Bihar,Patna,275365352795,GHSDT7548U,Shop Owner,civilian
PERSON_00333,Dinesh Kumar,1966-12-26,Female,Telangana,Hyderabad,432581190317,QJHUZ2707X,Driver,civilian
PERSON_00334,Ashok Kumar,1991-06-15,Male,Uttar Pradesh,Noida,359281971828,BXPLD8773K,Accountant,network_associate
PERSON_00335,Amit Jain,1992-06-08,Male,Madhya Pradesh,Indore,793435293814,FLFTR1719W,Broker,civilian
PERSON_00336,Rajesh Verma,1962-11-02,Female,Madhya Pradesh,Indore,184358962810,XOQXL0760M,Driver,network_associate
PERSON_00337,Ganesh Rao,1982-02-01,Male,Andhra Pradesh,Vijayawada,053243365885,PELCP2778G,Office Assistant,civilian
PERSON_00338,Rohit Kumar,1962-08-01,Female,Jharkhand,Ranchi,368697129130,OOFEJ7738U,Sales Executive,network_associate
PERSON_00339,Pawan Singh,1968-01-27,Male,Bihar,Patna,973910060814,MRMIK9771O,Student,civilian
PERSON_00340,Rohit Mehta,1970-05-19,Male,Gujarat,Ahmedabad,049256663773,LDGEJ3693V,Shop Owner,network_associate
PERSON_00341,Rajesh Prasad,1994-07-22,Female,Tamil Nadu,Chennai,625480381523,CQLBJ2171I,Warehouse Assistant,civilian
PERSON_00342,Ravi Reddy,1980-10-18,Female,Andhra Pradesh,Vijayawada,375735812342,AGELE4607G,Consultant,civilian
PERSON_00343,Prakash Rao,1983-09-13,Male,Goa,Panaji,179507686811,XUIYU0891A,Warehouse Assistant,civilian
PERSON_00344,Sanjay Kumar,1998-09-27,Female,Uttar Pradesh,Noida,901662982774,NHUQK8795P,Mechanic,network_associate
PERSON_00345,Manoj Singh,1993-08-06,Female,Bihar,Patna,324447934764,KCUIW4023V,Consultant,network_associate
PERSON_00346,Pankaj Patel,1977-10-26,Female,Chhattisgarh,Raipur,651429726197,XFYCB2389M,Broker,civilian
PERSON_00347,Amit Nayak,1965-08-08,Male,Odisha,Bhubaneswar,516687480679,BUYWA4712V,Sales Executive,civilian
PERSON_00348,Ashok Kumar,1994-10-09,Male,Uttar Pradesh,Noida,707251287314,XBRSG2179J,Consultant,civilian
PERSON_00349,Debasish Jha,1970-06-15,Male,Bihar,Patna,044070529487,RAMKV6456B,Technician,network_associate
PERSON_00350,Suresh Prasad Reddy,1995-08-02,Male,Telangana,Hyderabad,330036548976,BNKGN7682M,Clerk,network_associate
PERSON_00351,Santosh Sahu,1985-12-10,Male,Odisha,Bhubaneswar,951687987588,DHCUW9305Y,Teacher,civilian
PERSON_00352,Ashok Singh,1975-02-18,Female,Delhi,Delhi,594871702866,AXCMC9597B,Broker,network_associate
PERSON_00353,Arun Pillai,1980-07-03,Female,Kerala,Kochi,879678926628,AAPXP8049J,Teacher,network_associate
PERSON_00354,Anil Sahu,1995-12-15,Male,Chhattisgarh,Raipur,228684645635,IHOTX8226B,Technician,civilian
PERSON_00355,Pawan Ghosh,1969-08-27,Female,West Bengal,Kolkata,744134866460,DXYRW2008V,Sales Executive,network_associate
PERSON_00356,Rohit Yadav,1967-06-01,Male,Chhattisgarh,Raipur,774907661020,OXVVE4226L,Shop Owner,civilian
PERSON_00357,Deepak Verma,1962-06-13,Female,Delhi,Delhi,882951363880,ZCXID2510T,Accountant,civilian
PERSON_00358,Vamsi Rao,1965-12-27,Female,Andhra Pradesh,Vijayawada,216022210189,VOWTQ2480U,Supervisor,network_associate
PERSON_00359,Rakesh Kumar,2002-04-21,Male,Bihar,Patna,115401879223,SXFKP8030Z,Technician,network_associate
PERSON_00360,Santosh Roy,1988-06-04,Female,West Bengal,Kolkata,846214138105,BKSVZ7147L,Warehouse Assistant,network_associate
PERSON_00361,Vivek Mehta,1993-02-15,Female,Gujarat,Ahmedabad,922951369337,DBSWI7730K,Mechanic,civilian
PERSON_00362,Rajesh Ghosh,1980-09-27,Female,West Bengal,Kolkata,065881245635,PMEMB3193Z,Student,civilian
PERSON_00363,Ashok Yadav,1983-01-28,Male,Chhattisgarh,Raipur,306914587213,JCFUL7811S,Office Assistant,civilian
PERSON_00364,Deepak Jain,1990-05-22,Male,Madhya Pradesh,Indore,382735900206,IYIPC9849N,Teacher,civilian
PERSON_00365,Vignesh Naidu,1981-10-07,Male,Telangana,Hyderabad,316538915961,XYOSA2348B,Warehouse Assistant,civilian
PERSON_00366,Deepak Verma,1995-10-15,Female,Chhattisgarh,Raipur,403080210274,JHFAC8898J,Mechanic,network_associate
PERSON_00367,Bikash Saha,1977-06-12,Female,West Bengal,Kolkata,652549486124,FLEHM8336S,Student,civilian
PERSON_00368,Prakash Jadhav,1975-08-28,Male,Maharashtra,Mumbai,228041477557,LRLET1913E,Accountant,civilian
PERSON_00369,Anil Verma,1984-02-28,Female,Rajasthan,Jaipur,917886569983,PTHVY1511L,Contractor,civilian
PERSON_00370,Deepak Mehta,1965-01-09,Female,Gujarat,Ahmedabad,694491661394,EPTUV0266R,Office Assistant,network_associate
PERSON_00371,Dinesh Reddy,1996-04-07,Female,Telangana,Hyderabad,868830181327,DVEFZ9738E,Warehouse Assistant,network_associate
PERSON_00372,Debasish Ghosh,1964-02-07,Male,West Bengal,Kolkata,199558735714,NGPKG6015Z,Sales Executive,civilian
PERSON_00373,Ramesh Selvam,1980-04-23,Male,Tamil Nadu,Chennai,446450423014,XWARK1914V,Contractor,civilian
PERSON_00374,Sunil Meena,1975-04-09,Female,Rajasthan,Jaipur,911930674520,UVLDM1283H,Driver,network_associate
PERSON_00375,Ravi Verma,2002-05-17,Female,Uttar Pradesh,Noida,061690987660,OZKDV3246D,Sales Executive,civilian
PERSON_00376,Vivek Patel,1985-03-09,Female,Chhattisgarh,Raipur,330276733129,ZAIZU1344N,Teacher,network_associate
PERSON_00377,Ravi Sahu,1978-02-06,Male,Jharkhand,Ranchi,653187418580,WXRBX3818A,Sales Executive,network_associate
PERSON_00378,Vivek Jain,1990-02-13,Female,Madhya Pradesh,Indore,856513212354,CEYNU8356V,Consultant,civilian
PERSON_00379,Ramesh Kumar,1988-03-02,Female,Andhra Pradesh,Vijayawada,595083856545,XOOES2800C,Office Assistant,civilian
PERSON_00380,Vinod Naik,1960-09-02,Male,Karnataka,Bengaluru,106438367613,ODZKG5836V,Shop Owner,network_associate
PERSON_00381,Pawan Singh,1994-08-11,Male,Bihar,Patna,141964619786,TBVVV5180R,Supervisor,network_associate
PERSON_00382,Debasish Behera,1973-05-11,Male,Odisha,Bhubaneswar,221628615844,QDCEY4864K,Warehouse Assistant,civilian
PERSON_00383,Ravi Raj,1996-01-18,Male,Tamil Nadu,Chennai,397477897166,ODHRS6927R,Student,network_associate
PERSON_00384,Rakesh Behera,1976-10-27,Male,Odisha,Bhubaneswar,753543179671,GAVOY6933U,Sales Executive,network_associate
PERSON_00385,Vivek Sharma,1997-06-08,Male,Delhi,Delhi,410556431916,HEIYA5433G,Consultant,network_associate
PERSON_00386,Naveen Kumar,1995-04-12,Female,Andhra Pradesh,Vijayawada,891647129381,BPJPC8241E,Clerk,civilian
PERSON_00387,Ravi Gupta,1986-09-06,Male,Delhi,Delhi,595160309363,JAWMP5313O,Consultant,civilian
PERSON_00388,Pawan Das,1988-11-10,Male,West Bengal,Kolkata,479615101219,AQBOU4369S,Sales Executive,civilian
PERSON_00389,Manoj Sahu,1981-04-08,Female,Odisha,Bhubaneswar,683476546853,ATHOB6150J,Consultant,network_associate
PERSON_00390,Anil Kumar,1974-12-21,Male,Delhi,Delhi,556689506356,TIWOF1430I,Teacher,civilian
PERSON_00391,Prasad Reddy,1975-06-25,Male,Telangana,Hyderabad,750366501475,ZPSFZ2348I,Warehouse Assistant,network_associate
PERSON_00392,Subhash Kumar,1986-08-10,Male,Bihar,Patna,885436026763,DUUUN9757F,Student,civilian
PERSON_00393,Anil Sharma,1966-09-01,Female,Madhya Pradesh,Indore,900886851580,TUWQQ2424X,Broker,network_associate
PERSON_00394,Rajesh Yadav,2002-05-10,Female,Bihar,Patna,160448447239,LPPJT9031G,Supervisor,network_associate
PERSON_00395,Amit Sahu,1980-09-22,Male,Jharkhand,Ranchi,157547152608,QVDMU2146E,Contractor,network_associate
PERSON_00396,Jayesh Shah,1991-05-22,Male,Gujarat,Ahmedabad,445297422926,QVLOF9195M,Shop Owner,civilian
PERSON_00397,Manoj Jain,1982-05-07,Female,Madhya Pradesh,Indore,295379123881,HHSMI0656W,Broker,civilian
PERSON_00398,Mahesh Varma,1998-05-23,Male,Kerala,Kochi,033945460522,GAWUP0957Y,Office Assistant,network_associate
PERSON_00399,Ravi Babu,1995-08-03,Female,Tamil Nadu,Chennai,381768772729,PKOBC0834D,Technician,civilian
PERSON_00400,Ravi Kumar Yadav,1964-11-06,Male,Madhya Pradesh,Indore,688942414439,ZUFDU6147G,Accountant,civilian
PERSON_00401,Suresh Rao,1965-05-20,Female,Andhra Pradesh,Vijayawada,889387765656,JNENJ0209S,Teacher,network_associate
PERSON_00402,Jayesh Mehta,1999-09-24,Male,Gujarat,Ahmedabad,278569372464,YLTKH5590P,Mechanic,civilian
PERSON_00403,Pankaj Prasad,1966-10-27,Female,Jharkhand,Ranchi,451488742767,MIIGB2722S,Shop Owner,civilian
PERSON_00404,Suresh Das,1960-01-09,Female,Odisha,Bhubaneswar,046162555991,EKGCN1553O,Broker,civilian
PERSON_00405,Bikash Behera,1999-02-27,Female,Odisha,Bhubaneswar,785570262201,HWJLF9055P,Teacher,network_associate
PERSON_00406,Ashok Yadav,1996-12-11,Male,Madhya Pradesh,Indore,637464569619,PLTVA5740C,Teacher,network_associate
PERSON_00407,Ganesh Kumar,1967-01-09,Male,Tamil Nadu,Chennai,457842648810,KVJQA6522L,Consultant,civilian
PERSON_00408,Amit Das,1977-10-21,Male,Jharkhand,Ranchi,477509198469,MWWTT9154A,Sales Executive,network_associate
PERSON_00409,Ashok Verma,1976-04-17,Male,Rajasthan,Jaipur,116716887101,NCEPH5795K,Shop Owner,civilian
PERSON_00410,Ashok Yadav,1964-01-28,Female,Chhattisgarh,Raipur,384377362939,PJAZX4049F,Supervisor,network_associate
PERSON_00411,Vinod Naidu,1998-08-06,Male,Andhra Pradesh,Vijayawada,134268299752,LOPWS4308M,Driver,network_associate
PERSON_00412,Kiran Naik,1967-04-25,Male,Karnataka,Bengaluru,187774210672,QIMRU8466L,Driver,civilian
PERSON_00413,Sanjay Singh,1988-11-05,Female,Jharkhand,Ranchi,680796548913,ZZTBK1486T,Accountant,network_associate
PERSON_00414,Amit Sahu,1960-03-05,Male,Jharkhand,Ranchi,692429618129,CQXIE0805Q,Accountant,civilian
PERSON_00415,Ganesh Kumar,1992-12-12,Male,Kerala,Kochi,020674783031,IETIF0854C,Contractor,civilian
PERSON_00416,Hitesh Patil,1977-11-07,Female,Maharashtra,Mumbai,658857687618,LTHCM8667S,Warehouse Assistant,civilian
PERSON_00417,Hitesh Shah,1964-11-15,Female,Goa,Panaji,412782218222,PYJSC8629O,Contractor,civilian
PERSON_00418,Rajesh Sharma,1977-08-10,Female,Rajasthan,Jaipur,091312740352,ILTJH2049I,Technician,civilian
PERSON_00419,Manish Mehta,1965-01-14,Female,Gujarat,Ahmedabad,620203626363,YPCWZ0805W,Shop Owner,civilian
PERSON_00420,Ganesh Gowda,2002-07-11,Male,Karnataka,Bengaluru,142718807658,SHBSZ5943Z,Warehouse Assistant,network_associate
PERSON_00421,Kiran Rao,1983-08-08,Female,Andhra Pradesh,Vijayawada,251821708974,MZOUL7519A,Teacher,civilian
PERSON_00422,Vivek Kumar,1987-11-04,Male,Chhattisgarh,Raipur,669064746904,APIMO2077Q,Mechanic,network_associate
PERSON_00423,Deepak Das,2000-06-06,Female,Odisha,Bhubaneswar,247014997275,HEOAV2985J,Consultant,civilian
PERSON_00424,Mahesh Naidu,1962-08-13,Male,Andhra Pradesh,Vijayawada,191543638367,AHPWL6497G,Student,civilian
PERSON_00425,Amit Patil,1976-02-01,Male,Maharashtra,Mumbai,084880368848,JCNXR4186C,Consultant,civilian
PERSON_00426,Rakesh Das,1981-12-22,Female,West Bengal,Kolkata,108303725749,SYLRF6103N,Contractor,civilian
PERSON_00427,Vivek Verma,1997-07-20,Female,Rajasthan,Jaipur,375342006740,BZHWL1637U,Broker,civilian
PERSON_00428,Vinod Babu,1994-09-14,Male,Tamil Nadu,Chennai,978007308891,IHNCJ6094O,Contractor,civilian
PERSON_00429,Arun Selvam,1965-12-15,Female,Tamil Nadu,Chennai,238210412518,FXGNQ9023J,Warehouse Assistant,network_associate
PERSON_00430,Ashok Sharma,1986-04-02,Male,Madhya Pradesh,Indore,136432985156,ANEHH4782D,Office Assistant,network_associate
PERSON_00431,Ravi Verma,2001-06-16,Female,Chhattisgarh,Raipur,314446749803,ZGYHN6733F,Accountant,civilian
PERSON_00432,Anil Gupta,1966-04-19,Male,Delhi,Delhi,435166515582,OCDMX2970V,Contractor,network_associate
PERSON_00433,Vamsi Naik,1999-03-20,Male,Karnataka,Bengaluru,661162259893,OEJNU3610A,Accountant,civilian
PERSON_00434,Ramesh Kumar,1978-02-13,Male,Tamil Nadu,Chennai,696254611543,SVRLH6771X,Student,network_associate
PERSON_00435,Jayesh Kumar,1973-05-27,Female,Goa,Panaji,818685212922,OLUDA5253W,Driver,network_associate
PERSON_00436,Mahesh Kumar,1971-09-18,Female,Karnataka,Bengaluru,431936386116,BOQVG4040V,Clerk,network_associate
PERSON_00437,Rohit Kumar,1992-02-04,Female,Delhi,Delhi,470918851127,PKKJM1801Q,Broker,civilian
PERSON_00438,Manoj Babu,1995-07-23,Male,Tamil Nadu,Chennai,790244546819,FAJTE9120A,Student,network_associate
PERSON_00439,Deepak Patnaik,1970-02-19,Male,Odisha,Bhubaneswar,388753697057,HNLTI6771Q,Warehouse Assistant,network_associate
PERSON_00440,Subhash Dutta,1990-03-20,Female,West Bengal,Kolkata,460710950177,BIAYC1259T,Office Assistant,network_associate
PERSON_00441,Ramesh Kumar,1997-09-03,Female,Tamil Nadu,Chennai,139488540295,GSAYR6601U,Broker,civilian
PERSON_00442,Anil Kumar,1970-08-24,Female,Tamil Nadu,Chennai,857643192643,GQYWO4190G,Consultant,network_associate
PERSON_00443,Rakesh Patel,2000-12-23,Male,Gujarat,Ahmedabad,945337069450,LUXVT6936D,Broker,civilian
PERSON_00444,Manoj Singh,1994-07-04,Female,Uttar Pradesh,Noida,106772782642,LHSKR3583P,Consultant,civilian
PERSON_00445,Vikas Sahu,1965-07-19,Female,Chhattisgarh,Raipur,007236581917,VDVTV6968E,Teacher,civilian
PERSON_00446,Amit Ghosh,1962-03-24,Female,West Bengal,Kolkata,465596225295,NYELE9514U,Clerk,civilian
PERSON_00447,Karthik Rao,1966-02-05,Female,Telangana,Hyderabad,627842790708,SNFTV7923F,Office Assistant,civilian
PERSON_00448,Rakesh Rao,1981-03-05,Male,Goa,Panaji,073035702389,SCYOQ5018S,Accountant,civilian
PERSON_00449,Akash Kamat,1970-11-09,Male,Goa,Panaji,976694204577,RPYTI8397U,Student,network_associate
PERSON_00450,Rohit Prasad Kumar,1975-12-12,Male,Uttar Pradesh,Noida,787956774204,JNMYM5850J,Shop Owner,civilian
