source_id,target_id,relationship
PERSON_00001,PHONE_00001,uses_phone
PERSON_00001,ACCT_00001,holds_account
PERSON_00001,ADDR_00001,resides_at
PERSON_00002,PHONE_00002,uses_phone
PERSON_00002,ACCT_00002,holds_account
PERSON_00002,ADDR_00002,resides_at
PERSON_00003,PHONE_00003,uses_phone
PERSON_00003,ACCT_00003,holds_account
PERSON_00003,ADDR_00003,resides_at
PERSON_00004,PHONE_00004,uses_phone
PERSON_00004,ACCT_00004,holds_account
PERSON_00004,ADDR_00004,resides_at
PERSON_00005,PHONE_00005,uses_phone
PERSON_00005,ACCT_00005,holds_account
PERSON_00005,ADDR_00005,resides_at
PERSON_00006,PHONE_00006,uses_phone
PERSON_00006,ACCT_00006,holds_account
PERSON_00006,ADDR_00006,resides_at
PERSON_00007,PHONE_00007,uses_phone
PERSON_00007,ACCT_00007,holds_account
PERSON_00007,ADDR_00007,resides_at
PERSON_00008,PHONE_00008,uses_phone
PERSON_00008,ACCT_00008,holds_account
PERSON_00008,ADDR_00008,resides_at
PERSON_00009,PHONE_00009,uses_phone
PERSON_00009,ACCT_00009,holds_account
PERSON_00009,ADDR_00009,resides_at
PERSON_00010,PHONE_00010,uses_phone
PERSON_00010,ACCT_00010,holds_account
PERSON_00010,ADDR_00010,resides_at
PERSON_00011,PHONE_00011,uses_phone
PERSON_00011,ACCT_00011,holds_account
PERSON_00011,ADDR_00011,resides_at
PERSON_00012,PHONE_00012,uses_phone
PERSON_00012,ACCT_00012,holds_account
PERSON_00012,ADDR_00012,resides_at
PERSON_00013,PHONE_00013,uses_phone
PERSON_00013,ACCT_00013,holds_account
PERSON_00013,ADDR_00013,resides_at
PERSON_00014,PHONE_00014,uses_phone
PERSON_00014,ACCT_00014,holds_account
PERSON_00014,ADDR_00014,resides_at
PERSON_00015,PHONE_00015,uses_phone
PERSON_00015,ACCT_00015,holds_account
PERSON_00015,ADDR_00015,resides_at
PERSON_00016,PHONE_00016,uses_phone
PERSON_00016,ACCT_00016,holds_account
PERSON_00016,ADDR_00016,resides_at
PERSON_00017,PHONE_00017,uses_phone
PERSON_00017,ACCT_00017,holds_account
PERSON_00017,ADDR_00017,resides_at
PERSON_00018,PHONE_00018,uses_phone
PERSON_00018,ACCT_00018,holds_account
PERSON_00018,ADDR_00018,resides_at
PERSON_00019,PHONE_00019,uses_phone
PERSON_00019,ACCT_00019,holds_account
PERSON_00019,ADDR_00019,resides_at
PERSON_00020,PHONE_00020,uses_phone
PERSON_00020,ACCT_00020,holds_account
PERSON_00020,ADDR_00020,resides_at
PERSON_00021,PHONE_00021,uses_phone
PERSON_00021,ACCT_00021,holds_account
PERSON_00021,ADDR_00021,resides_at
PERSON_00022,PHONE_00022,uses_phone
PERSON_00022,ACCT_00022,holds_account
PERSON_00022,ADDR_00022,resides_at
PERSON_00023,PHONE_00023,uses_phone
PERSON_00023,ACCT_00023,holds_account
PERSON_00023,ADDR_00023,resides_at
PERSON_00024,PHONE_00024,uses_phone
PERSON_00024,ACCT_00024,holds_account
PERSON_00024,ADDR_00024,resides_at
PERSON_00025,PHONE_00025,uses_phone
PERSON_00025,ACCT_00025,holds_account
PERSON_00025,ADDR_00025,resides_at
PERSON_00026,PHONE_00026,uses_phone
PERSON_00026,ACCT_00026,holds_account
PERSON_00026,ADDR_00026,resides_at
PERSON_00027,PHONE_00027,uses_phone
PERSON_00027,ACCT_00027,holds_account
PERSON_00027,ADDR_00027,resides_at
PERSON_00028,PHONE_00028,uses_phone
PERSON_00028,ACCT_00028,holds_account
PERSON_00028,ADDR_00028,resides_at
PERSON_00029,PHONE_00029,uses_phone
PERSON_00029,ACCT_00029,holds_account
PERSON_00029,ADDR_00029,resides_at
PERSON_00030,PHONE_00030,uses_phone
PERSON_00030,ACCT_00030,holds_account
PERSON_00030,ADDR_00030,resides_at
PERSON_00031,PHONE_00031,uses_phone
PERSON_00031,ACCT_00031,holds_account
PERSON_00031,ADDR_00031,resides_at
PERSON_00032,PHONE_00032,uses_phone
PERSON_00032,ACCT_00032,holds_account
PERSON_00032,ADDR_00032,resides_at
PERSON_00033,PHONE_00033,uses_phone
PERSON_00033,ACCT_00033,holds_account
PERSON_00033,ADDR_00033,resides_at
PERSON_00034,PHONE_00034,uses_phone
PERSON_00034,ACCT_00034,holds_account
PERSON_00034,ADDR_00034,resides_at
PERSON_00035,PHONE_00035,uses_phone
PERSON_00035,ACCT_00035,holds_account
PERSON_00035,ADDR_00035,resides_at
PERSON_00036,PHONE_00036,uses_phone
PERSON_00036,ACCT_00036,holds_account
PERSON_00036,ADDR_00036,resides_at
PERSON_00037,PHONE_00037,uses_phone
PERSON_00037,ACCT_00037,holds_account
PERSON_00037,ADDR_00037,resides_at
PERSON_00038,PHONE_00038,uses_phone
PERSON_00038,ACCT_00038,holds_account
PERSON_00038,ADDR_00038,resides_at
PERSON_00039,PHONE_00039,uses_phone
PERSON_00039,ACCT_00039,holds_account
PERSON_00039,ADDR_00039,resides_at
PERSON_00040,PHONE_00040,uses_phone
PERSON_00040,ACCT_00040,holds_account
PERSON_00040,ADDR_00040,resides_at
PERSON_00041,PHONE_00041,uses_phone
PERSON_00041,ACCT_00041,holds_account
PERSON_00041,ADDR_00041,resides_at
PERSON_00042,PHONE_00042,uses_phone
PERSON_00042,ACCT_00042,holds_account
PERSON_00042,ADDR_00042,resides_at
PERSON_00043,PHONE_00043,uses_phone
PERSON_00043,ACCT_00043,holds_account
PERSON_00043,ADDR_00043,resides_at
PERSON_00044,PHONE_00044,uses_phone
PERSON_00044,ACCT_00044,holds_account
PERSON_00044,ADDR_00044,resides_at
PERSON_00045,PHONE_00045,uses_phone
PERSON_00045,ACCT_00045,holds_account
PERSON_00045,ADDR_00045,resides_at
PERSON_00046,PHONE_00046,uses_phone
PERSON_00046,ACCT_00046,holds_account
PERSON_00046,ADDR_00046,resides_at
PERSON_00047,PHONE_00047,uses_phone
PERSON_00047,ACCT_00047,holds_account
PERSON_00047,ADDR_00047,resides_at
PERSON_00048,PHONE_00048,uses_phone
PERSON_00048,ACCT_00048,holds_account
PERSON_00048,ADDR_00048,resides_at
PERSON_00049,PHONE_00049,uses_phone
PERSON_00049,ACCT_00049,holds_account
PERSON_00049,ADDR_00049,resides_at
PERSON_00050,PHONE_00050,uses_phone
PERSON_00050,ACCT_00050,holds_account
PERSON_00050,ADDR_00050,resides_at
PERSON_00051,PHONE_00051,uses_phone
PERSON_00051,ACCT_00051,holds_account
PERSON_00051,ADDR_00051,resides_at
PERSON_00052,PHONE_00052,uses_phone
PERSON_00052,ACCT_00052,holds_account
PERSON_00052,ADDR_00052,resides_at
PERSON_00053,PHONE_00053,uses_phone
PERSON_00053,ACCT_00053,holds_account
PERSON_00053,ADDR_00053,resides_at
PERSON_00054,PHONE_00054,uses_phone
PERSON_00054,ACCT_00054,holds_account
PERSON_00054,ADDR_00054,resides_at
PERSON_00055,PHONE_00055,uses_phone
PERSON_00055,ACCT_00055,holds_account
PERSON_00055,ADDR_00055,resides_at
PERSON_00056,PHONE_00056,uses_phone
PERSON_00056,ACCT_00056,holds_account
PERSON_00056,ADDR_00056,resides_at
PERSON_00057,PHONE_00057,uses_phone
PERSON_00057,ACCT_00057,holds_account
PERSON_00057,ADDR_00057,resides_at
PERSON_00058,PHONE_00058,uses_phone
PERSON_00058,ACCT_00058,holds_account
PERSON_00058,ADDR_00058,resides_at
PERSON_00059,PHONE_00059,uses_phone
PERSON_00059,ACCT_00059,holds_account
PERSON_00059,ADDR_00059,resides_at
PERSON_00060,PHONE_00060,uses_phone
PERSON_00060,ACCT_00060,holds_account
PERSON_00060,ADDR_00060,resides_at
PERSON_00061,PHONE_00061,uses_phone
PERSON_00061,ACCT_00061,holds_account
PERSON_00061,ADDR_00061,resides_at
PERSON_00062,PHONE_00062,uses_phone
PERSON_00062,ACCT_00062,holds_account
PERSON_00062,ADDR_00062,resides_at
PERSON_00063,PHONE_00063,uses_phone
PERSON_00063,ACCT_00063,holds_account
PERSON_00063,ADDR_00063,resides_at
PERSON_00064,PHONE_00064,uses_phone
PERSON_00064,ACCT_00064,holds_account
PERSON_00064,ADDR_00064,resides_at
PERSON_00065,PHONE_00065,uses_phone
PERSON_00065,ACCT_00065,holds_account
PERSON_00065,ADDR_00065,resides_at
PERSON_00066,PHONE_00066,uses_phone
PERSON_00066,ACCT_00066,holds_account
PERSON_00066,ADDR_00066,resides_at
PERSON_00067,PHONE_00067,uses_phone
PERSON_00067,ACCT_00067,holds_account
PERSON_00067,ADDR_00067,resides_at
PERSON_00068,PHONE_00068,uses_phone
PERSON_00068,ACCT_00068,holds_account
PERSON_00068,ADDR_00068,resides_at
PERSON_00069,PHONE_00069,uses_phone
PERSON_00069,ACCT_00069,holds_account
PERSON_00069,ADDR_00069,resides_at
PERSON_00070,PHONE_00070,uses_phone
PERSON_00070,ACCT_00070,holds_account
PERSON_00070,ADDR_00070,resides_at
PERSON_00071,PHONE_00071,uses_phone
PERSON_00071,ACCT_00071,holds_account
PERSON_00071,ADDR_00071,resides_at
PERSON_00072,PHONE_00072,uses_phone
PERSON_00072,ACCT_00072,holds_account
PERSON_00072,ADDR_00072,resides_at
PERSON_00073,PHONE_00073,uses_phone
PERSON_00073,ACCT_00073,holds_account
PERSON_00073,ADDR_00073,resides_at
PERSON_00074,PHONE_00074,uses_phone
PERSON_00074,ACCT_00074,holds_account
PERSON_00074,ADDR_00074,resides_at
PERSON_00075,PHONE_00075,uses_phone
PERSON_00075,ACCT_00075,holds_account
PERSON_00075,ADDR_00075,resides_at
PERSON_00076,PHONE_00076,uses_phone
PERSON_00076,ACCT_00076,holds_account
PERSON_00076,ADDR_00076,resides_at
PERSON_00077,PHONE_00077,uses_phone
PERSON_00077,ACCT_00077,holds_account
PERSON_00077,ADDR_00077,resides_at
PERSON_00078,PHONE_00078,uses_phone
PERSON_00078,ACCT_00078,holds_account
PERSON_00078,ADDR_00078,resides_at
PERSON_00079,PHONE_00079,uses_phone
PERSON_00079,ACCT_00079,holds_account
PERSON_00079,ADDR_00079,resides_at
PERSON_00080,PHONE_00080,uses_phone
PERSON_00080,ACCT_00080,holds_account
PERSON_00080,ADDR_00080,resides_at
PERSON_00081,PHONE_00081,uses_phone
PERSON_00081,ACCT_00081,holds_account
PERSON_00081,ADDR_00081,resides_at
PERSON_00082,PHONE_00082,uses_phone
PERSON_00082,ACCT_00082,holds_account
PERSON_00082,ADDR_00082,resides_at
PERSON_00083,PHONE_00083,uses_phone
PERSON_00083,ACCT_00083,holds_account
PERSON_00083,ADDR_00083,resides_at
PERSON_00084,PHONE_00084,uses_phone
PERSON_00084,ACCT_00084,holds_account
PERSON_00084,ADDR_00084,resides_at
PERSON_00085,PHONE_00085,uses_phone
PERSON_00085,ACCT_00085,holds_account
PERSON_00085,ADDR_00085,resides_at
PERSON_00086,PHONE_00086,uses_phone
PERSON_00086,ACCT_00086,holds_account
PERSON_00086,ADDR_00086,resides_at
PERSON_00087,PHONE_00087,uses_phone
PERSON_00087,ACCT_00087,holds_account
PERSON_00087,ADDR_00087,resides_at
PERSON_00088,PHONE_00088,uses_phone
PERSON_00088,ACCT_00088,holds_account
PERSON_00088,ADDR_00088,resides_at
PERSON_00089,PHONE_00089,uses_phone
PERSON_00089,ACCT_00089,holds_account
PERSON_00089,ADDR_00089,resides_at
PERSON_00090,PHONE_00090,uses_phone
PERSON_00090,ACCT_00090,holds_account
PERSON_00090,ADDR_00090,resides_at
PERSON_00091,PHONE_00091,uses_phone
PERSON_00091,ACCT_00091,holds_account
PERSON_00091,ADDR_00091,resides_at
PERSON_00092,PHONE_00092,uses_phone
PERSON_00092,ACCT_00092,holds_account
PERSON_00092,ADDR_00092,resides_at
PERSON_00093,PHONE_00093,uses_phone
PERSON_00093,ACCT_00093,holds_account
PERSON_00093,ADDR_00093,resides_at
PERSON_00094,PHONE_00094,uses_phone
PERSON_00094,ACCT_00094,holds_account
PERSON_00094,ADDR_00094,resides_at
PERSON_00095,PHONE_00095,uses_phone
PERSON_00095,ACCT_00095,holds_account
PERSON_00095,ADDR_00095,resides_at
PERSON_00096,PHONE_00096,uses_phone
PERSON_00096,ACCT_00096,holds_account
PERSON_00096,ADDR_00096,resides_at
PERSON_00097,PHONE_00097,uses_phone
PERSON_00097,ACCT_00097,holds_account
PERSON_00097,ADDR_00097,resides_at
PERSON_00098,PHONE_00098,uses_phone
PERSON_00098,ACCT_00098,holds_account
PERSON_00098,ADDR_00098,resides_at
PERSON_00099,PHONE_00099,uses_phone
PERSON_00099,ACCT_00099,holds_account
PERSON_00099,ADDR_00099,resides_at
PERSON_00100,PHONE_00100,uses_phone
PERSON_00100,ACCT_00100,holds_account
PERSON_00100,ADDR_00100,resides_at
PERSON_00101,PHONE_00101,uses_phone
PERSON_00101,ACCT_00101,holds_account
PERSON_00101,ADDR_00101,resides_at
PERSON_00102,PHONE_00102,uses_phone
PERSON_00102,ACCT_00102,holds_account
PERSON_00102,ADDR_00102,resides_at
PERSON_00103,PHONE_00103,uses_phone
PERSON_00103,ACCT_00103,holds_account
PERSON_00103,ADDR_00103,resides_at
PERSON_00104,PHONE_00104,uses_phone
PERSON_00104,ACCT_00104,holds_account
PERSON_00104,ADDR_00104,resides_at
PERSON_00105,PHONE_00105,uses_phone
PERSON_00105,ACCT_00105,holds_account
PERSON_00105,ADDR_00105,resides_at
PERSON_00106,PHONE_00106,uses_phone
PERSON_00106,ACCT_00106,holds_account
PERSON_00106,ADDR_00106,resides_at
PERSON_00107,PHONE_00107,uses_phone
PERSON_00107,ACCT_00107,holds_account
PERSON_00107,ADDR_00107,resides_at
PERSON_00108,PHONE_00108,uses_phone
PERSON_00108,ACCT_00108,holds_account
PERSON_00108,ADDR_00108,resides_at
PERSON_00109,PHONE_00109,uses_phone
PERSON_00109,ACCT_00109,holds_account
PERSON_00109,ADDR_00109,resides_at
PERSON_00110,PHONE_00110,uses_phone
PERSON_00110,ACCT_00110,holds_account
PERSON_00110,ADDR_00110,resides_at
PERSON_00111,PHONE_00111,uses_phone
PERSON_00111,ACCT_00111,holds_account
PERSON_00111,ADDR_00111,resides_at
PERSON_00112,PHONE_00112,uses_phone
PERSON_00112,ACCT_00112,holds_account
PERSON_00112,ADDR_00112,resides_at
PERSON_00113,PHONE_00113,uses_phone
PERSON_00113,ACCT_00113,holds_account
PERSON_00113,ADDR_00113,resides_at
PERSON_00114,PHONE_00114,uses_phone
PERSON_00114,ACCT_00114,holds_account
PERSON_00114,ADDR_00114,resides_at
PERSON_00115,PHONE_00115,uses_phone
PERSON_00115,ACCT_00115,holds_account
PERSON_00115,ADDR_00115,resides_at
PERSON_00116,PHONE_00116,uses_phone
PERSON_00116,ACCT_00116,holds_account
PERSON_00116,ADDR_00116,resides_at
PERSON_00117,PHONE_00117,uses_phone
PERSON_00117,ACCT_00117,holds_account
PERSON_00117,ADDR_00117,resides_at
PERSON_00118,PHONE_00118,uses_phone
PERSON_00118,ACCT_00118,holds_account
PERSON_00118,ADDR_00118,resides_at
PERSON_00119,PHONE_00119,uses_phone
PERSON_00119,ACCT_00119,holds_account
PERSON_00119,ADDR_00119,resides_at
PERSON_00120,PHONE_00120,uses_phone
PERSON_00120,ACCT_00120,holds_account
PERSON_00120,ADDR_00120,resides_at
PERSON_00121,PHONE_00121,uses_phone
PERSON_00121,ACCT_00121,holds_account
PERSON_00121,ADDR_00121,resides_at
PERSON_00122,PHONE_00122,uses_phone
PERSON_00122,ACCT_00122,holds_account
PERSON_00122,ADDR_00122,resides_at
PERSON_00123,PHONE_00123,uses_phone
PERSON_00123,ACCT_00123,holds_account
PERSON_00123,ADDR_00123,resides_at
PERSON_00124,PHONE_00124,uses_phone
PERSON_00124,ACCT_00124,holds_account
PERSON_00124,ADDR_00124,resides_at
PERSON_00125,PHONE_00125,uses_phone
PERSON_00125,ACCT_00125,holds_account
PERSON_00125,ADDR_00125,resides_at
PERSON_00126,PHONE_00126,uses_phone
PERSON_00126,ACCT_00126,holds_account
PERSON_00126,ADDR_00126,resides_at
PERSON_00127,PHONE_00127,uses_phone
PERSON_00127,ACCT_00127,holds_account
PERSON_00127,ADDR_00127,resides_at
PERSON_00128,PHONE_00128,uses_phone
PERSON_00128,ACCT_00128,holds_account
PERSON_00128,ADDR_00128,resides_at
PERSON_00129,PHONE_00129,uses_phone
PERSON_00129,ACCT_00129,holds_account
PERSON_00129,ADDR_00129,resides_at
PERSON_00130,PHONE_00130,uses_phone
PERSON_00130,ACCT_00130,holds_account
PERSON_00130,ADDR_00130,resides_at
PERSON_00131,PHONE_00131,uses_phone
PERSON_00131,ACCT_00131,holds_account
PERSON_00131,ADDR_00131,resides_at
PERSON_00132,PHONE_00132,uses_phone
PERSON_00132,ACCT_00132,holds_account
PERSON_00132,ADDR_00132,resides_at
PERSON_00133,PHONE_00133,uses_phone
PERSON_00133,ACCT_00133,holds_account
PERSON_00133,ADDR_00133,resides_at
PERSON_00134,PHONE_00134,uses_phone
PERSON_00134,ACCT_00134,holds_account
PERSON_00134,ADDR_00134,resides_at
PERSON_00135,PHONE_00135,uses_phone
PERSON_00135,ACCT_00135,holds_account
PERSON_00135,ADDR_00135,resides_at
PERSON_00136,PHONE_00136,uses_phone
PERSON_00136,ACCT_00136,holds_account
PERSON_00136,ADDR_00136,resides_at
PERSON_00137,PHONE_00137,uses_phone
PERSON_00137,ACCT_00137,holds_account
PERSON_00137,ADDR_00137,resides_at
PERSON_00138,PHONE_00138,uses_phone
PERSON_00138,ACCT_00138,holds_account
PERSON_00138,ADDR_00138,resides_at
PERSON_00139,PHONE_00139,uses_phone
PERSON_00139,ACCT_00139,holds_account
PERSON_00139,ADDR_00139,resides_at
PERSON_00140,PHONE_00140,uses_phone
PERSON_00140,ACCT_00140,holds_account
PERSON_00140,ADDR_00140,resides_at
PERSON_00141,PHONE_00141,uses_phone
PERSON_00141,ACCT_00141,holds_account
PERSON_00141,ADDR_00141,resides_at
PERSON_00142,PHONE_00142,uses_phone
PERSON_00142,ACCT_00142,holds_account
PERSON_00142,ADDR_00142,resides_at
PERSON_00143,PHONE_00143,uses_phone
PERSON_00143,ACCT_00143,holds_account
PERSON_00143,ADDR_00143,resides_at
PERSON_00144,PHONE_00144,uses_phone
PERSON_00144,ACCT_00144,holds_account
PERSON_00144,ADDR_00144,resides_at
PERSON_00145,PHONE_00145,uses_phone
PERSON_00145,ACCT_00145,holds_account
PERSON_00145,ADDR_00145,resides_at
PERSON_00146,PHONE_00146,uses_phone
PERSON_00146,ACCT_00146,holds_account
PERSON_00146,ADDR_00146,resides_at
PERSON_00147,PHONE_00147,uses_phone
PERSON_00147,ACCT_00147,holds_account
PERSON_00147,ADDR_00147,resides_at
PERSON_00148,PHONE_00148,uses_phone
PERSON_00148,ACCT_00148,holds_account
PERSON_00148,ADDR_00148,resides_at
PERSON_00149,PHONE_00149,uses_phone
PERSON_00149,ACCT_00149,holds_account
PERSON_00149,ADDR_00149,resides_at
PERSON_00150,PHONE_00150,uses_phone
PERSON_00150,ACCT_00150,holds_account
PERSON_00150,ADDR_00150,resides_at
PERSON_00151,PHONE_00151,uses_phone
PERSON_00151,ACCT_00151,holds_account
PERSON_00151,ADDR_00151,resides_at
PERSON_00152,PHONE_00152,uses_phone
PERSON_00152,ACCT_00152,holds_account
PERSON_00152,ADDR_00152,resides_at
PERSON_00153,PHONE_00153,uses_phone
PERSON_00153,ACCT_00153,holds_account
PERSON_00153,ADDR_00153,resides_at
PERSON_00154,PHONE_00154,uses_phone
PERSON_00154,ACCT_00154,holds_account
PERSON_00154,ADDR_00154,resides_at
PERSON_00155,PHONE_00155,uses_phone
PERSON_00155,ACCT_00155,holds_account
PERSON_00155,ADDR_00155,resides_at
PERSON_00156,PHONE_00156,uses_phone
PERSON_00156,ACCT_00156,holds_account
PERSON_00156,ADDR_00156,resides_at
PERSON_00157,PHONE_00157,uses_phone
PERSON_00157,ACCT_00157,holds_account
PERSON_00157,ADDR_00157,resides_at
PERSON_00158,PHONE_00158,uses_phone
PERSON_00158,ACCT_00158,holds_account
PERSON_00158,ADDR_00158,resides_at
PERSON_00159,PHONE_00159,uses_phone
PERSON_00159,ACCT_00159,holds_account
PERSON_00159,ADDR_00159,resides_at
PERSON_00160,PHONE_00160,uses_phone
PERSON_00160,ACCT_00160,holds_account
PERSON_00160,ADDR_00160,resides_at
PERSON_00161,PHONE_00161,uses_phone
PERSON_00161,ACCT_00161,holds_account
PERSON_00161,ADDR_00161,resides_at
PERSON_00162,PHONE_00162,uses_phone
PERSON_00162,ACCT_00162,holds_account
PERSON_00162,ADDR_00162,resides_at
PERSON_00163,PHONE_00163,uses_phone
PERSON_00163,ACCT_00163,holds_account
PERSON_00163,ADDR_00163,resides_at
PERSON_00164,PHONE_00164,uses_phone
PERSON_00164,ACCT_00164,holds_account
PERSON_00164,ADDR_00164,resides_at
PERSON_00165,PHONE_00165,uses_phone
PERSON_00165,ACCT_00165,holds_account
PERSON_00165,ADDR_00165,resides_at
PERSON_00166,PHONE_00166,uses_phone
PERSON_00166,ACCT_00166,holds_account
PERSON_00166,ADDR_00166,resides_at
PERSON_00167,PHONE_00167,uses_phone
PERSON_00167,ACCT_00167,holds_account
PERSON_00167,ADDR_00167,resides_at
PERSON_00168,PHONE_00168,uses_phone
PERSON_00168,ACCT_00168,holds_account
PERSON_00168,ADDR_00168,resides_at
PERSON_00169,PHONE_00169,uses_phone
PERSON_00169,ACCT_00169,holds_account
PERSON_00169,ADDR_00169,resides_at
PERSON_00170,PHONE_00170,uses_phone
PERSON_00170,ACCT_00170,holds_account
PERSON_00170,ADDR_00170,resides_at
PERSON_00171,PHONE_00171,uses_phone
PERSON_00171,ACCT_00171,holds_account
PERSON_00171,ADDR_00171,resides_at
PERSON_00172,PHONE_00172,uses_phone
PERSON_00172,ACCT_00172,holds_account
PERSON_00172,ADDR_00172,resides_at
PERSON_00173,PHONE_00173,uses_phone
PERSON_00173,ACCT_00173,holds_account
PERSON_00173,ADDR_00173,resides_at
PERSON_00174,PHONE_00174,uses_phone
PERSON_00174,ACCT_00174,holds_account
PERSON_00174,ADDR_00174,resides_at
PERSON_00175,PHONE_00175,uses_phone
PERSON_00175,ACCT_00175,holds_account
PERSON_00175,ADDR_00175,resides_at
PERSON_00176,PHONE_00176,uses_phone
PERSON_00176,ACCT_00176,holds_account
PERSON_00176,ADDR_00176,resides_at
PERSON_00177,PHONE_00177,uses_phone
PERSON_00177,ACCT_00177,holds_account
PERSON_00177,ADDR_00177,resides_at
PERSON_00178,PHONE_00178,uses_phone
PERSON_00178,ACCT_00178,holds_account
PERSON_00178,ADDR_00178,resides_at
PERSON_00179,PHONE_00179,uses_phone
PERSON_00179,ACCT_00179,holds_account
PERSON_00179,ADDR_00179,resides_at
PERSON_00180,PHONE_00180,uses_phone
PERSON_00180,ACCT_00180,holds_account
PERSON_00180,ADDR_00180,resides_at
PERSON_00181,PHONE_00181,uses_phone
PERSON_00181,ACCT_00181,holds_account
PERSON_00181,ADDR_00181,resides_at
PERSON_00182,PHONE_00182,uses_phone
PERSON_00182,ACCT_00182,holds_account
PERSON_00182,ADDR_00182,resides_at
PERSON_00183,PHONE_00183,uses_phone
PERSON_00183,ACCT_00183,holds_account
PERSON_00183,ADDR_00183,resides_at
PERSON_00184,PHONE_00184,uses_phone
PERSON_00184,ACCT_00184,holds_account
PERSON_00184,ADDR_00184,resides_at
PERSON_00185,PHONE_00185,uses_phone
PERSON_00185,ACCT_00185,holds_account
PERSON_00185,ADDR_00185,resides_at
PERSON_00186,PHONE_00186,uses_phone
PERSON_00186,ACCT_00186,holds_account
PERSON_00186,ADDR_00186,resides_at
PERSON_00187,PHONE_00187,uses_phone
PERSON_00187,ACCT_00187,holds_account
PERSON_00187,ADDR_00187,resides_at
PERSON_00188,PHONE_00188,uses_phone
PERSON_00188,ACCT_00188,holds_account
PERSON_00188,ADDR_00188,resides_at
PERSON_00189,PHONE_00189,uses_phone
PERSON_00189,ACCT_00189,holds_account
PERSON_00189,ADDR_00189,resides_at
PERSON_00190,PHONE_00190,uses_phone
PERSON_00190,ACCT_00190,holds_account
PERSON_00190,ADDR_00190,resides_at
PERSON_00191,PHONE_00191,uses_phone
PERSON_00191,ACCT_00191,holds_account
PERSON_00191,ADDR_00191,resides_at
PERSON_00192,PHONE_00192,uses_phone
PERSON_00192,ACCT_00192,holds_account
PERSON_00192,ADDR_00192,resides_at
PERSON_00193,PHONE_00193,uses_phone
PERSON_00193,ACCT_00193,holds_account
PERSON_00193,ADDR_00193,resides_at
PERSON_00194,PHONE_00194,uses_phone
PERSON_00194,ACCT_00194,holds_account
PERSON_00194,ADDR_00194,resides_at
PERSON_00195,PHONE_00195,uses_phone
PERSON_00195,ACCT_00195,holds_account
PERSON_00195,ADDR_00195,resides_at
PERSON_00196,PHONE_00196,uses_phone
PERSON_00196,ACCT_00196,holds_account
PERSON_00196,ADDR_00196,resides_at
PERSON_00197,PHONE_00197,uses_phone
PERSON_00197,ACCT_00197,holds_account
PERSON_00197,ADDR_00197,resides_at
PERSON_00198,PHONE_00198,uses_phone
PERSON_00198,ACCT_00198,holds_account
PERSON_00198,ADDR_00198,resides_at
PERSON_00199,PHONE_00199,uses_phone
PERSON_00199,ACCT_00199,holds_account
PERSON_00199,ADDR_00199,resides_at
PERSON_00200,PHONE_00200,uses_phone
PERSON_00200,ACCT_00200,holds_account
PERSON_00200,ADDR_00200,resides_at
PERSON_00201,PHONE_00201,uses_phone
PERSON_00201,ACCT_00201,holds_account
PERSON_00201,ADDR_00201,resides_at
PERSON_00202,PHONE_00202,uses_phone
PERSON_00202,ACCT_00202,holds_account
PERSON_00202,ADDR_00202,resides_at
PERSON_00203,PHONE_00203,uses_phone
PERSON_00203,ACCT_00203,holds_account
PERSON_00203,ADDR_00203,resides_at
PERSON_00204,PHONE_00204,uses_phone
PERSON_00204,ACCT_00204,holds_account
PERSON_00204,ADDR_00204,resides_at
PERSON_00205,PHONE_00205,uses_phone
PERSON_00205,ACCT_00205,holds_account
PERSON_00205,ADDR_00205,resides_at
PERSON_00206,PHONE_00206,uses_phone
PERSON_00206,ACCT_00206,holds_account
PERSON_00206,ADDR_00206,resides_at
PERSON_00207,PHONE_00207,uses_phone
PERSON_00207,ACCT_00207,holds_account
PERSON_00207,ADDR_00207,resides_at
PERSON_00208,PHONE_00208,uses_phone
PERSON_00208,ACCT_00208,holds_account
PERSON_00208,ADDR_00208,resides_at
PERSON_00209,PHONE_00209,uses_phone
PERSON_00209,ACCT_00209,holds_account
PERSON_00209,ADDR_00209,resides_at
PERSON_00210,PHONE_00210,uses_phone
PERSON_00210,ACCT_00210,holds_account
PERSON_00210,ADDR_00210,resides_at
PERSON_00211,PHONE_00211,uses_phone
PERSON_00211,ACCT_00211,holds_account
PERSON_00211,ADDR_00211,resides_at
PERSON_00212,PHONE_00212,uses_phone
PERSON_00212,ACCT_00212,holds_account
PERSON_00212,ADDR_00212,resides_at
PERSON_00213,PHONE_00213,uses_phone
PERSON_00213,ACCT_00213,holds_account
PERSON_00213,ADDR_00213,resides_at
PERSON_00214,PHONE_00214,uses_phone
PERSON_00214,ACCT_00214,holds_account
PERSON_00214,ADDR_00214,resides_at
PERSON_00215,PHONE_00215,uses_phone
PERSON_00215,ACCT_00215,holds_account
PERSON_00215,ADDR_00215,resides_at
PERSON_00216,PHONE_00216,uses_phone
PERSON_00216,ACCT_00216,holds_account
PERSON_00216,ADDR_00216,resides_at
PERSON_00217,PHONE_00217,uses_phone
PERSON_00217,ACCT_00217,holds_account
PERSON_00217,ADDR_00217,resides_at
PERSON_00218,PHONE_00218,uses_phone
PERSON_00218,ACCT_00218,holds_account
PERSON_00218,ADDR_00218,resides_at
PERSON_00219,PHONE_00219,uses_phone
PERSON_00219,ACCT_00219,holds_account
PERSON_00219,ADDR_00219,resides_at
PERSON_00220,PHONE_00220,uses_phone
PERSON_00220,ACCT_00220,holds_account
PERSON_00220,ADDR_00220,resides_at
PERSON_00221,PHONE_00221,uses_phone
PERSON_00221,ACCT_00221,holds_account
PERSON_00221,ADDR_00221,resides_at
PERSON_00222,PHONE_00222,uses_phone
PERSON_00222,ACCT_00222,holds_account
PERSON_00222,ADDR_00222,resides_at
PERSON_00223,PHONE_00223,uses_phone
PERSON_00223,ACCT_00223,holds_account
PERSON_00223,ADDR_00223,resides_at
PERSON_00224,PHONE_00224,uses_phone
PERSON_00224,ACCT_00224,holds_account
PERSON_00224,ADDR_00224,resides_at
PERSON_00225,PHONE_00225,uses_phone
PERSON_00225,ACCT_00225,holds_account
PERSON_00225,ADDR_00225,resides_at
PERSON_00226,PHONE_00226,uses_phone
PERSON_00226,ACCT_00226,holds_account
PERSON_00226,ADDR_00226,resides_at
PERSON_00227,PHONE_00227,uses_phone
PERSON_00227,ACCT_00227,holds_account
PERSON_00227,ADDR_00227,resides_at
PERSON_00228,PHONE_00228,uses_phone
PERSON_00228,ACCT_00228,holds_account
PERSON_00228,ADDR_00228,resides_at
PERSON_00229,PHONE_00229,uses_phone
PERSON_00229,ACCT_00229,holds_account
PERSON_00229,ADDR_00229,resides_at
PERSON_00230,PHONE_00230,uses_phone
PERSON_00230,ACCT_00230,holds_account
PERSON_00230,ADDR_00230,resides_at
PERSON_00231,PHONE_00231,uses_phone
PERSON_00231,ACCT_00231,holds_account
PERSON_00231,ADDR_00231,resides_at
PERSON_00232,PHONE_00232,uses_phone
PERSON_00232,ACCT_00232,holds_account
PERSON_00232,ADDR_00232,resides_at
PERSON_00233,PHONE_00233,uses_phone
PERSON_00233,ACCT_00233,holds_account
PERSON_00233,ADDR_00233,resides_at
PERSON_00234,PHONE_00234,uses_phone
PERSON_00234,ACCT_00234,holds_account
PERSON_00234,ADDR_00234,resides_at
PERSON_00235,PHONE_00235,uses_phone
PERSON_00235,ACCT_00235,holds_account
PERSON_00235,ADDR_00235,resides_at
PERSON_00236,PHONE_00236,uses_phone
PERSON_00236,ACCT_00236,holds_account
PERSON_00236,ADDR_00236,resides_at
PERSON_00237,PHONE_00237,uses_phone
PERSON_00237,ACCT_00237,holds_account
PERSON_00237,ADDR_00237,resides_at
PERSON_00238,PHONE_00238,uses_phone
PERSON_00238,ACCT_00238,holds_account
PERSON_00238,ADDR_00238,resides_at
PERSON_00239,PHONE_00239,uses_phone
PERSON_00239,ACCT_00239,holds_account
PERSON_00239,ADDR_00239,resides_at
PERSON_00240,PHONE_00240,uses_phone
PERSON_00240,ACCT_00240,holds_account
PERSON_00240,ADDR_00240,resides_at
PERSON_00241,PHONE_00241,uses_phone
PERSON_00241,ACCT_00241,holds_account
PERSON_00241,ADDR_00241,resides_at
PERSON_00242,PHONE_00242,uses_phone
PERSON_00242,ACCT_00242,holds_account
PERSON_00242,ADDR_00242,resides_at
PERSON_00243,PHONE_00243,uses_phone
PERSON_00243,ACCT_00243,holds_account
PERSON_00243,ADDR_00243,resides_at
PERSON_00244,PHONE_00244,uses_phone
PERSON_00244,ACCT_00244,holds_account
PERSON_00244,ADDR_00244,resides_at
PERSON_00245,PHONE_00245,uses_phone
PERSON_00245,ACCT_00245,holds_account
PERSON_00245,ADDR_00245,resides_at
PERSON_00246,PHONE_00246,uses_phone
PERSON_00246,ACCT_00246,holds_account
PERSON_00246,ADDR_00246,resides_at
PERSON_00247,PHONE_00247,uses_phone
PERSON_00247,ACCT_00247,holds_account
PERSON_00247,ADDR_00247,resides_at
PERSON_00248,PHONE_00248,uses_phone
PERSON_00248,ACCT_00248,holds_account
PERSON_00248,ADDR_00248,resides_at
PERSON_00249,PHONE_00249,uses_phone
PERSON_00249,ACCT_00249,holds_account
PERSON_00249,ADDR_00249,resides_at
PERSON_00250,PHONE_00250,uses_phone
PERSON_00250,ACCT_00250,holds_account
PERSON_00250,ADDR_00250,resides_at
PERSON_00251,PHONE_00251,uses_phone
PERSON_00251,ACCT_00251,holds_account
PERSON_00251,ADDR_00251,resides_at
PERSON_00252,PHONE_00252,uses_phone
PERSON_00252,ACCT_00252,holds_account
PERSON_00252,ADDR_00252,resides_at
PERSON_00253,PHONE_00253,uses_phone
PERSON_00253,ACCT_00253,holds_account
PERSON_00253,ADDR_00253,resides_at
PERSON_00254,PHONE_00254,uses_phone
PERSON_00254,ACCT_00254,holds_account
PERSON_00254,ADDR_00254,resides_at
PERSON_00255,PHONE_00255,uses_phone
PERSON_00255,ACCT_00255,holds_account
PERSON_00255,ADDR_00255,resides_at
PERSON_00256,PHONE_00256,uses_phone
PERSON_00256,ACCT_00256,holds_account
PERSON_00256,ADDR_00256,resides_at
PERSON_00257,PHONE_00257,uses_phone
PERSON_00257,ACCT_00257,holds_account
PERSON_00257,ADDR_00257,resides_at
PERSON_00258,PHONE_00258,uses_phone
PERSON_00258,ACCT_00258,holds_account
PERSON_00258,ADDR_00258,resides_at
PERSON_00259,PHONE_00259,uses_phone
PERSON_00259,ACCT_00259,holds_account
PERSON_00259,ADDR_00259,resides_at
PERSON_00260,PHONE_00260,uses_phone
PERSON_00260,ACCT_00260,holds_account
PERSON_00260,ADDR_00260,resides_at
PERSON_00261,PHONE_00261,uses_phone
PERSON_00261,ACCT_00261,holds_account
PERSON_00261,ADDR_00261,resides_at
PERSON_00262,PHONE_00262,uses_phone
PERSON_00262,ACCT_00262,holds_account
PERSON_00262,ADDR_00262,resides_at
PERSON_00263,PHONE_00263,uses_phone
PERSON_00263,ACCT_00263,holds_account
PERSON_00263,ADDR_00263,resides_at
PERSON_00264,PHONE_00264,uses_phone
PERSON_00264,ACCT_00264,holds_account
PERSON_00264,ADDR_00264,resides_at
PERSON_00265,PHONE_00265,uses_phone
PERSON_00265,ACCT_00265,holds_account
PERSON_00265,ADDR_00265,resides_at
PERSON_00266,PHONE_00266,uses_phone
PERSON_00266,ACCT_00266,holds_account
PERSON_00266,ADDR_00266,resides_at
PERSON_00267,PHONE_00267,uses_phone
PERSON_00267,ACCT_00267,holds_account
PERSON_00267,ADDR_00267,resides_at
PERSON_00268,PHONE_00268,uses_phone
PERSON_00268,ACCT_00268,holds_account
PERSON_00268,ADDR_00268,resides_at
PERSON_00269,PHONE_00269,uses_phone
PERSON_00269,ACCT_00269,holds_account
PERSON_00269,ADDR_00269,resides_at
PERSON_00270,PHONE_00270,uses_phone
PERSON_00270,ACCT_00270,holds_account
PERSON_00270,ADDR_00270,resides_at
PERSON_00271,PHONE_00271,uses_phone
PERSON_00271,ACCT_00271,holds_account
PERSON_00271,ADDR_00271,resides_at
PERSON_00272,PHONE_00272,uses_phone
PERSON_00272,ACCT_00272,holds_account
PERSON_00272,ADDR_00272,resides_at
PERSON_00273,PHONE_00273,uses_phone
PERSON_00273,ACCT_00273,holds_account
PERSON_00273,ADDR_00273,resides_at
PERSON_00274,PHONE_00274,uses_phone
PERSON_00274,ACCT_00274,holds_account
PERSON_00274,ADDR_00274,resides_at
PERSON_00275,PHONE_00275,uses_phone
PERSON_00275,ACCT_00275,holds_account
PERSON_00275,ADDR_00275,resides_at
PERSON_00276,PHONE_00276,uses_phone
PERSON_00276,ACCT_00276,holds_account
PERSON_00276,ADDR_00276,resides_at
PERSON_00277,PHONE_00277,uses_phone
PERSON_00277,ACCT_00277,holds_account
PERSON_00277,ADDR_00277,resides_at
PERSON_00278,PHONE_00278,uses_phone
PERSON_00278,ACCT_00278,holds_account
PERSON_00278,ADDR_00278,resides_at
PERSON_00279,PHONE_00279,uses_phone
PERSON_00279,ACCT_00279,holds_account
PERSON_00279,ADDR_00279,resides_at
PERSON_00280,PHONE_00280,uses_phone
PERSON_00280,ACCT_00280,holds_account
PERSON_00280,ADDR_00280,resides_at
PERSON_00281,PHONE_00281,uses_phone
PERSON_00281,ACCT_00281,holds_account
PERSON_00281,ADDR_00281,resides_at
PERSON_00282,PHONE_00282,uses_phone
PERSON_00282,ACCT_00282,holds_account
PERSON_00282,ADDR_00282,resides_at
PERSON_00283,PHONE_00283,uses_phone
PERSON_00283,ACCT_00283,holds_account
PERSON_00283,ADDR_00283,resides_at
PERSON_00284,PHONE_00284,uses_phone
PERSON_00284,ACCT_00284,holds_account
PERSON_00284,ADDR_00284,resides_at
PERSON_00285,PHONE_00285,uses_phone
PERSON_00285,ACCT_00285,holds_account
PERSON_00285,ADDR_00285,resides_at
PERSON_00286,PHONE_00286,uses_phone
PERSON_00286,ACCT_00286,holds_account
PERSON_00286,ADDR_00286,resides_at
PERSON_00287,PHONE_00287,uses_phone
PERSON_00287,ACCT_00287,holds_account
PERSON_00287,ADDR_00287,resides_at
PERSON_00288,PHONE_00288,uses_phone
PERSON_00288,ACCT_00288,holds_account
PERSON_00288,ADDR_00288,resides_at
PERSON_00289,PHONE_00289,uses_phone
PERSON_00289,ACCT_00289,holds_account
PERSON_00289,ADDR_00289,resides_at
PERSON_00290,PHONE_00290,uses_phone
PERSON_00290,ACCT_00290,holds_account
PERSON_00290,ADDR_00290,resides_at
PERSON_00291,PHONE_00291,uses_phone
PERSON_00291,ACCT_00291,holds_account
PERSON_00291,ADDR_00291,resides_at
PERSON_00292,PHONE_00292,uses_phone
PERSON_00292,ACCT_00292,holds_account
PERSON_00292,ADDR_00292,resides_at
PERSON_00293,PHONE_00293,uses_phone
PERSON_00293,ACCT_00293,holds_account
PERSON_00293,ADDR_00293,resides_at
PERSON_00294,PHONE_00294,uses_phone
PERSON_00294,ACCT_00294,holds_account
PERSON_00294,ADDR_00294,resides_at
PERSON_00295,PHONE_00295,uses_phone
PERSON_00295,ACCT_00295,holds_account
PERSON_00295,ADDR_00295,resides_at
PERSON_00296,PHONE_00296,uses_phone
PERSON_00296,ACCT_00296,holds_account
PERSON_00296,ADDR_00296,resides_at
PERSON_00297,PHONE_00297,uses_phone
PERSON_00297,ACCT_00297,holds_account
PERSON_00297,ADDR_00297,resides_at
PERSON_00298,PHONE_00298,uses_phone
PERSON_00298,ACCT_00298,holds_account
PERSON_00298,ADDR_00298,resides_at
PERSON_00299,PHONE_00299,uses_phone
PERSON_00299,ACCT_00299,holds_account
PERSON_00299,ADDR_00299,resides_at
PERSON_00300,PHONE_00300,uses_phone
PERSON_00300,ACCT_00300,holds_account
PERSON_00300,ADDR_00300,resides_at
PERSON_00301,PHONE_00301,uses_phone
PERSON_00301,ACCT_00301,holds_account
PERSON_00301,ADDR_00301,resides_at
PERSON_00302,PHONE_00302,uses_phone
PERSON_00302,ACCT_00302,holds_account
PERSON_00302,ADDR_00302,resides_at
PERSON_00303,PHONE_00303,uses_phone
PERSON_00303,ACCT_00303,holds_account
PERSON_00303,ADDR_00303,resides_at
PERSON_00304,PHONE_00304,uses_phone
PERSON_00304,ACCT_00304,holds_account
PERSON_00304,ADDR_00304,resides_at
PERSON_00305,PHONE_00305,uses_phone
PERSON_00305,ACCT_00305,holds_account
PERSON_00305,ADDR_00305,resides_at
PERSON_00306,PHONE_00306,uses_phone
PERSON_00306,ACCT_00306,holds_account
PERSON_00306,ADDR_00306,resides_at
PERSON_00307,PHONE_00307,uses_phone
PERSON_00307,ACCT_00307,holds_account
PERSON_00307,ADDR_00307,resides_at
PERSON_00308,PHONE_00308,uses_phone
PERSON_00308,ACCT_00308,holds_account
PERSON_00308,ADDR_00308,resides_at
PERSON_00309,PHONE_00309,uses_phone
PERSON_00309,ACCT_00309,holds_account
PERSON_00309,ADDR_00309,resides_at
PERSON_00310,PHONE_00310,uses_phone
PERSON_00310,ACCT_00310,holds_account
PERSON_00310,ADDR_00310,resides_at
PERSON_00311,PHONE_00311,uses_phone
PERSON_00311,ACCT_00311,holds_account
PERSON_00311,ADDR_00311,resides_at
PERSON_00312,PHONE_00312,uses_phone
PERSON_00312,ACCT_00312,holds_account
PERSON_00312,ADDR_00312,resides_at
PERSON_00313,PHONE_00313,uses_phone
PERSON_00313,ACCT_00313,holds_account
PERSON_00313,ADDR_00313,resides_at
PERSON_00314,PHONE_00314,uses_phone
PERSON_00314,ACCT_00314,holds_account
PERSON_00314,ADDR_00314,resides_at
PERSON_00315,PHONE_00315,uses_phone
PERSON_00315,ACCT_00315,holds_account
PERSON_00315,ADDR_00315,resides_at
PERSON_00316,PHONE_00316,uses_phone
PERSON_00316,ACCT_00316,holds_account
PERSON_00316,ADDR_00316,resides_at
PERSON_00317,PHONE_00317,uses_phone
PERSON_00317,ACCT_00317,holds_account
PERSON_00317,ADDR_00317,resides_at
PERSON_00318,PHONE_00318,uses_phone
PERSON_00318,ACCT_00318,holds_account
PERSON_00318,ADDR_00318,resides_at
PERSON_00319,PHONE_00319,uses_phone
PERSON_00319,ACCT_00319,holds_account
PERSON_00319,ADDR_00319,resides_at
PERSON_00320,PHONE_00320,uses_phone
PERSON_00320,ACCT_00320,holds_account
PERSON_00320,ADDR_00320,resides_at
PERSON_00321,PHONE_00321,uses_phone
PERSON_00321,ACCT_00321,holds_account
PERSON_00321,ADDR_00321,resides_at
PERSON_00322,PHONE_00322,uses_phone
PERSON_00322,ACCT_00322,holds_account
PERSON_00322,ADDR_00322,resides_at
PERSON_00323,PHONE_00323,uses_phone
PERSON_00323,ACCT_00323,holds_account
PERSON_00323,ADDR_00323,resides_at
PERSON_00324,PHONE_00324,uses_phone
PERSON_00324,ACCT_00324,holds_account
PERSON_00324,ADDR_00324,resides_at
PERSON_00325,PHONE_00325,uses_phone
PERSON_00325,ACCT_00325,holds_account
PERSON_00325,ADDR_00325,resides_at
PERSON_00326,PHONE_00326,uses_phone
PERSON_00326,ACCT_00326,holds_account
PERSON_00326,ADDR_00326,resides_at
PERSON_00327,PHONE_00327,uses_phone
PERSON_00327,ACCT_00327,holds_account
PERSON_00327,ADDR_00327,resides_at
PERSON_00328,PHONE_00328,uses_phone
PERSON_00328,ACCT_00328,holds_account
PERSON_00328,ADDR_00328,resides_at
PERSON_00329,PHONE_00329,uses_phone
PERSON_00329,ACCT_00329,holds_account
PERSON_00329,ADDR_00329,resides_at
PERSON_00330,PHONE_00330,uses_phone
PERSON_00330,ACCT_00330,holds_account
PERSON_00330,ADDR_00330,resides_at
PERSON_00331,PHONE_00331,uses_phone
PERSON_00331,ACCT_00331,holds_account
PERSON_00331,ADDR_00331,resides_at
PERSON_00332,PHONE_00332,uses_phone
PERSON_00332,ACCT_00332,holds_account
PERSON_00332,ADDR_00332,resides_at
PERSON_00333,PHONE_00333,uses_phone
PERSON_00333,ACCT_00333,holds_account
PERSON_00333,ADDR_00333,resides_at
PERSON_00334,PHONE_00334,uses_phone
PERSON_00334,ACCT_00334,holds_account
PERSON_00334,ADDR_00334,resides_at
PERSON_00335,PHONE_00335,uses_phone
PERSON_00335,ACCT_00335,holds_account
PERSON_00335,ADDR_00335,resides_at
PERSON_00336,PHONE_00336,uses_phone
PERSON_00336,ACCT_00336,holds_account
PERSON_00336,ADDR_00336,resides_at
PERSON_00337,PHONE_00337,uses_phone
PERSON_00337,ACCT_00337,holds_account
PERSON_00337,ADDR_00337,resides_at
PERSON_00338,PHONE_00338,uses_phone
PERSON_00338,ACCT_00338,holds_account
PERSON_00338,ADDR_00338,resides_at
PERSON_00339,PHONE_00339,uses_phone
PERSON_00339,ACCT_00339,holds_account
PERSON_00339,ADDR_00339,resides_at
PERSON_00340,PHONE_00340,uses_phone
PERSON_00340,ACCT_00340,holds_account
PERSON_00340,ADDR_00340,resides_at
PERSON_00341,PHONE_00341,uses_phone
PERSON_00341,ACCT_00341,holds_account
PERSON_00341,ADDR_00341,resides_at
PERSON_00342,PHONE_00342,uses_phone
PERSON_00342,ACCT_00342,holds_account
PERSON_00342,ADDR_00342,resides_at
PERSON_00343,PHONE_00343,uses_phone
PERSON_00343,ACCT_00343,holds_account
PERSON_00343,ADDR_00343,resides_at
PERSON_00344,PHONE_00344,uses_phone
PERSON_00344,ACCT_00344,holds_account
PERSON_00344,ADDR_00344,resides_at
PERSON_00345,PHONE_00345,uses_phone
PERSON_00345,ACCT_00345,holds_account
PERSON_00345,ADDR_00345,resides_at
PERSON_00346,PHONE_00346,uses_phone
PERSON_00346,ACCT_00346,holds_account
PERSON_00346,ADDR_00346,resides_at
PERSON_00347,PHONE_00347,uses_phone
PERSON_00347,ACCT_00347,holds_account
PERSON_00347,ADDR_00347,resides_at
PERSON_00348,PHONE_00348,uses_phone
PERSON_00348,ACCT_00348,holds_account
PERSON_00348,ADDR_00348,resides_at
PERSON_00349,PHONE_00349,uses_phone
PERSON_00349,ACCT_00349,holds_account
PERSON_00349,ADDR_00349,resides_at
PERSON_00350,PHONE_00350,uses_phone
PERSON_00350,ACCT_00350,holds_account
PERSON_00350,ADDR_00350,resides_at
PERSON_00351,PHONE_00351,uses_phone
PERSON_00351,ACCT_00351,holds_account
PERSON_00351,ADDR_00351,resides_at
PERSON_00352,PHONE_00352,uses_phone
PERSON_00352,ACCT_00352,holds_account
PERSON_00352,ADDR_00352,resides_at
PERSON_00353,PHONE_00353,uses_phone
PERSON_00353,ACCT_00353,holds_account
PERSON_00353,ADDR_00353,resides_at
PERSON_00354,PHONE_00354,uses_phone
PERSON_00354,ACCT_00354,holds_account
PERSON_00354,ADDR_00354,resides_at
PERSON_00355,PHONE_00355,uses_phone
PERSON_00355,ACCT_00355,holds_account
PERSON_00355,ADDR_00355,resides_at
PERSON_00356,PHONE_00356,uses_phone
PERSON_00356,ACCT_00356,holds_account
PERSON_00356,ADDR_00356,resides_at
PERSON_00357,PHONE_00357,uses_phone
PERSON_00357,ACCT_00357,holds_account
PERSON_00357,ADDR_00357,resides_at
PERSON_00358,PHONE_00358,uses_phone
PERSON_00358,ACCT_00358,holds_account
PERSON_00358,ADDR_00358,resides_at
PERSON_00359,PHONE_00359,uses_phone
PERSON_00359,ACCT_00359,holds_account
PERSON_00359,ADDR_00359,resides_at
PERSON_00360,PHONE_00360,uses_phone
PERSON_00360,ACCT_00360,holds_account
PERSON_00360,ADDR_00360,resides_at
PERSON_00361,PHONE_00361,uses_phone
PERSON_00361,ACCT_00361,holds_account
PERSON_00361,ADDR_00361,resides_at
PERSON_00362,PHONE_00362,uses_phone
PERSON_00362,ACCT_00362,holds_account
PERSON_00362,ADDR_00362,resides_at
PERSON_00363,PHONE_00363,uses_phone
PERSON_00363,ACCT_00363,holds_account
PERSON_00363,ADDR_00363,resides_at
PERSON_00364,PHONE_00364,uses_phone
PERSON_00364,ACCT_00364,holds_account
PERSON_00364,ADDR_00364,resides_at
PERSON_00365,PHONE_00365,uses_phone
PERSON_00365,ACCT_00365,holds_account
PERSON_00365,ADDR_00365,resides_at
PERSON_00366,PHONE_00366,uses_phone
PERSON_00366,ACCT_00366,holds_account
PERSON_00366,ADDR_00366,resides_at
PERSON_00367,PHONE_00367,uses_phone
PERSON_00367,ACCT_00367,holds_account
PERSON_00367,ADDR_00367,resides_at
PERSON_00368,PHONE_00368,uses_phone
PERSON_00368,ACCT_00368,holds_account
PERSON_00368,ADDR_00368,resides_at
PERSON_00369,PHONE_00369,uses_phone
PERSON_00369,ACCT_00369,holds_account
PERSON_00369,ADDR_00369,resides_at
PERSON_00370,PHONE_00370,uses_phone
PERSON_00370,ACCT_00370,holds_account
PERSON_00370,ADDR_00370,resides_at
PERSON_00371,PHONE_00371,uses_phone
PERSON_00371,ACCT_00371,holds_account
PERSON_00371,ADDR_00371,resides_at
PERSON_00372,PHONE_00372,uses_phone
PERSON_00372,ACCT_00372,holds_account
PERSON_00372,ADDR_00372,resides_at
PERSON_00373,PHONE_00373,uses_phone
PERSON_00373,ACCT_00373,holds_account
PERSON_00373,ADDR_00373,resides_at
PERSON_00374,PHONE_00374,uses_phone
PERSON_00374,ACCT_00374,holds_account
PERSON_00374,ADDR_00374,resides_at
PERSON_00375,PHONE_00375,uses_phone
PERSON_00375,ACCT_00375,holds_account
PERSON_00375,ADDR_00375,resides_at
PERSON_00376,PHONE_00376,uses_phone
PERSON_00376,ACCT_00376,holds_account
PERSON_00376,ADDR_00376,resides_at
PERSON_00377,PHONE_00377,uses_phone
PERSON_00377,ACCT_00377,holds_account
PERSON_00377,ADDR_00377,resides_at
PERSON_00378,PHONE_00378,uses_phone
PERSON_00378,ACCT_00378,holds_account
PERSON_00378,ADDR_00378,resides_at
PERSON_00379,PHONE_00379,uses_phone
PERSON_00379,ACCT_00379,holds_account
PERSON_00379,ADDR_00379,resides_at
PERSON_00380,PHONE_00380,uses_phone
PERSON_00380,ACCT_00380,holds_account
PERSON_00380,ADDR_00380,resides_at
PERSON_00381,PHONE_00381,uses_phone
PERSON_00381,ACCT_00381,holds_account
PERSON_00381,ADDR_00381,resides_at
PERSON_00382,PHONE_00382,uses_phone
PERSON_00382,ACCT_00382,holds_account
PERSON_00382,ADDR_00382,resides_at
PERSON_00383,PHONE_00383,uses_phone
PERSON_00383,ACCT_00383,holds_account
PERSON_00383,ADDR_00383,resides_at
PERSON_00384,PHONE_00384,uses_phone
PERSON_00384,ACCT_00384,holds_account
PERSON_00384,ADDR_00384,resides_at
PERSON_00385,PHONE_00385,uses_phone
PERSON_00385,ACCT_00385,holds_account
PERSON_00385,ADDR_00385,resides_at
PERSON_00386,PHONE_00386,uses_phone
PERSON_00386,ACCT_00386,holds_account
PERSON_00386,ADDR_00386,resides_at
PERSON_00387,PHONE_00387,uses_phone
PERSON_00387,ACCT_00387,holds_account
PERSON_00387,ADDR_00387,resides_at
PERSON_00388,PHONE_00388,uses_phone
PERSON_00388,ACCT_00388,holds_account
PERSON_00388,ADDR_00388,resides_at
PERSON_00389,PHONE_00389,uses_phone
PERSON_00389,ACCT_00389,holds_account
PERSON_00389,ADDR_00389,resides_at
PERSON_00390,PHONE_00390,uses_phone
PERSON_00390,ACCT_00390,holds_account
PERSON_00390,ADDR_00390,resides_at
PERSON_00391,PHONE_00391,uses_phone
PERSON_00391,ACCT_00391,holds_account
PERSON_00391,ADDR_00391,resides_at
PERSON_00392,PHONE_00392,uses_phone
PERSON_00392,ACCT_00392,holds_account
PERSON_00392,ADDR_00392,resides_at
PERSON_00393,PHONE_00393,uses_phone
PERSON_00393,ACCT_00393,holds_account
PERSON_00393,ADDR_00393,resides_at
PERSON_00394,PHONE_00394,uses_phone
PERSON_00394,ACCT_00394,holds_account
PERSON_00394,ADDR_00394,resides_at
PERSON_00395,PHONE_00395,uses_phone
PERSON_00395,ACCT_00395,holds_account
PERSON_00395,ADDR_00395,resides_at
PERSON_00396,PHONE_00396,uses_phone
PERSON_00396,ACCT_00396,holds_account
PERSON_00396,ADDR_00396,resides_at
PERSON_00397,PHONE_00397,uses_phone
PERSON_00397,ACCT_00397,holds_account
PERSON_00397,ADDR_00397,resides_at
PERSON_00398,PHONE_00398,uses_phone
PERSON_00398,ACCT_00398,holds_account
PERSON_00398,ADDR_00398,resides_at
PERSON_00399,PHONE_00399,uses_phone
PERSON_00399,ACCT_00399,holds_account
PERSON_00399,ADDR_00399,resides_at
PERSON_00400,PHONE_00400,uses_phone
PERSON_00400,ACCT_00400,holds_account
PERSON_00400,ADDR_00400,resides_at
PERSON_00401,PHONE_00401,uses_phone
PERSON_00401,ACCT_00401,holds_account
PERSON_00401,ADDR_00401,resides_at
PERSON_00402,PHONE_00402,uses_phone
PERSON_00402,ACCT_00402,holds_account
PERSON_00402,ADDR_00402,resides_at
PERSON_00403,PHONE_00403,uses_phone
PERSON_00403,ACCT_00403,holds_account
PERSON_00403,ADDR_00403,resides_at
PERSON_00404,PHONE_00404,uses_phone
PERSON_00404,ACCT_00404,holds_account
PERSON_00404,ADDR_00404,resides_at
PERSON_00405,PHONE_00405,uses_phone
PERSON_00405,ACCT_00405,holds_account
PERSON_00405,ADDR_00405,resides_at
PERSON_00406,PHONE_00406,uses_phone
PERSON_00406,ACCT_00406,holds_account
PERSON_00406,ADDR_00406,resides_at
PERSON_00407,PHONE_00407,uses_phone
PERSON_00407,ACCT_00407,holds_account
PERSON_00407,ADDR_00407,resides_at
PERSON_00408,PHONE_00408,uses_phone
PERSON_00408,ACCT_00408,holds_account
PERSON_00408,ADDR_00408,resides_at
PERSON_00409,PHONE_00409,uses_phone
PERSON_00409,ACCT_00409,holds_account
PERSON_00409,ADDR_00409,resides_at
PERSON_00410,PHONE_00410,uses_phone
PERSON_00410,ACCT_00410,holds_account
PERSON_00410,ADDR_00410,resides_at
PERSON_00411,PHONE_00411,uses_phone
PERSON_00411,ACCT_00411,holds_account
PERSON_00411,ADDR_00411,resides_at
PERSON_00412,PHONE_00412,uses_phone
PERSON_00412,ACCT_00412,holds_account
PERSON_00412,ADDR_00412,resides_at
PERSON_00413,PHONE_00413,uses_phone
PERSON_00413,ACCT_00413,holds_account
PERSON_00413,ADDR_00413,resides_at
PERSON_00414,PHONE_00414,uses_phone
PERSON_00414,ACCT_00414,holds_account
PERSON_00414,ADDR_00414,resides_at
PERSON_00415,PHONE_00415,uses_phone
PERSON_00415,ACCT_00415,holds_account
PERSON_00415,ADDR_00415,resides_at
PERSON_00416,PHONE_00416,uses_phone
PERSON_00416,ACCT_00416,holds_account
PERSON_00416,ADDR_00416,resides_at
PERSON_00417,PHONE_00417,uses_phone
PERSON_00417,ACCT_00417,holds_account
PERSON_00417,ADDR_00417,resides_at
PERSON_00418,PHONE_00418,uses_phone
PERSON_00418,ACCT_00418,holds_account
PERSON_00418,ADDR_00418,resides_at
PERSON_00419,PHONE_00419,uses_phone
PERSON_00419,ACCT_00419,holds_account
PERSON_00419,ADDR_00419,resides_at
PERSON_00420,PHONE_00420,uses_phone
PERSON_00420,ACCT_00420,holds_account
PERSON_00420,ADDR_00420,resides_at
PERSON_00421,PHONE_00421,uses_phone
PERSON_00421,ACCT_00421,holds_account
PERSON_00421,ADDR_00421,resides_at
PERSON_00422,PHONE_00422,uses_phone
PERSON_00422,ACCT_00422,holds_account
PERSON_00422,ADDR_00422,resides_at
PERSON_00423,PHONE_00423,uses_phone
PERSON_00423,ACCT_00423,holds_account
PERSON_00423,ADDR_00423,resides_at
PERSON_00424,PHONE_00424,uses_phone
PERSON_00424,ACCT_00424,holds_account
PERSON_00424,ADDR_00424,resides_at
PERSON_00425,PHONE_00425,uses_phone
PERSON_00425,ACCT_00425,holds_account
PERSON_00425,ADDR_00425,resides_at
PERSON_00426,PHONE_00426,uses_phone
PERSON_00426,ACCT_00426,holds_account
PERSON_00426,ADDR_00426,resides_at
PERSON_00427,PHONE_00427,uses_phone
PERSON_00427,ACCT_00427,holds_account
PERSON_00427,ADDR_00427,resides_at
PERSON_00428,PHONE_00428,uses_phone
PERSON_00428,ACCT_00428,holds_account
PERSON_00428,ADDR_00428,resides_at
PERSON_00429,PHONE_00429,uses_phone
PERSON_00429,ACCT_00429,holds_account
PERSON_00429,ADDR_00429,resides_at
PERSON_00430,PHONE_00430,uses_phone
PERSON_00430,ACCT_00430,holds_account
PERSON_00430,ADDR_00430,resides_at
PERSON_00431,PHONE_00431,uses_phone
PERSON_00431,ACCT_00431,holds_account
PERSON_00431,ADDR_00431,resides_at
PERSON_00432,PHONE_00432,uses_phone
PERSON_00432,ACCT_00432,holds_account
PERSON_00432,ADDR_00432,resides_at
PERSON_00433,PHONE_00433,uses_phone
PERSON_00433,ACCT_00433,holds_account
PERSON_00433,ADDR_00433,resides_at
PERSON_00434,PHONE_00434,uses_phone
PERSON_00434,ACCT_00434,holds_account
PERSON_00434,ADDR_00434,resides_at
PERSON_00435,PHONE_00435,uses_phone
PERSON_00435,ACCT_00435,holds_account
PERSON_00435,ADDR_00435,resides_at
PERSON_00436,PHONE_00436,uses_phone
PERSON_00436,ACCT_00436,holds_account
PERSON_00436,ADDR_00436,resides_at
PERSON_00437,PHONE_00437,uses_phone
PERSON_00437,ACCT_00437,holds_account
PERSON_00437,ADDR_00437,resides_at
PERSON_00438,PHONE_00438,uses_phone
PERSON_00438,ACCT_00438,holds_account
PERSON_00438,ADDR_00438,resides_at
PERSON_00439,PHONE_00439,uses_phone
PERSON_00439,ACCT_00439,holds_account
PERSON_00439,ADDR_00439,resides_at
PERSON_00440,PHONE_00440,uses_phone
PERSON_00440,ACCT_00440,holds_account
PERSON_00440,ADDR_00440,resides_at
PERSON_00441,PHONE_00441,uses_phone
PERSON_00441,ACCT_00441,holds_account
PERSON_00441,ADDR_00441,resides_at
PERSON_00442,PHONE_00442,uses_phone
PERSON_00442,ACCT_00442,holds_account
PERSON_00442,ADDR_00442,resides_at
PERSON_00443,PHONE_00443,uses_phone
PERSON_00443,ACCT_00443,holds_account
PERSON_00443,ADDR_00443,resides_at
PERSON_00444,PHONE_00444,uses_phone
PERSON_00444,ACCT_00444,holds_account
PERSON_00444,ADDR_00444,resides_at
PERSON_00445,PHONE_00445,uses_phone
PERSON_00445,ACCT_00445,holds_account
PERSON_00445,ADDR_00445,resides_at
PERSON_00446,PHONE_00446,uses_phone
PERSON_00446,ACCT_00446,holds_account
PERSON_00446,ADDR_00446,resides_at
PERSON_00447,PHONE_00447,uses_phone
PERSON_00447,ACCT_00447,holds_account
PERSON_00447,ADDR_00447,resides_at
PERSON_00448,PHONE_00448,uses_phone
PERSON_00448,ACCT_00448,holds_account
PERSON_00448,ADDR_00448,resides_at
PERSON_00449,PHONE_00449,uses_phone
PERSON_00449,ACCT_00449,holds_account
PERSON_00449,ADDR_00449,resides_at
PERSON_00450,PHONE_00450,uses_phone
PERSON_00450,ACCT_00450,holds_account
PERSON_00450,ADDR_00450,resides_at
PERSON_00008,ORG_0001,works_for
PERSON_00015,ORG_0002,works_for
PERSON_00022,ORG_0003,works_for
PERSON_00029,ORG_0004,works_for
PERSON_00036,ORG_0005,works_for
PERSON_00043,ORG_0006,works_for
PERSON_00050,ORG_0007,works_for
PERSON_00057,ORG_0008,works_for
PERSON_00064,ORG_0009,works_for
PERSON_00071,ORG_0010,works_for
PERSON_00078,ORG_0011,works_for
PERSON_00085,ORG_0012,works_for
PERSON_00092,ORG_0013,works_for
PERSON_00099,ORG_0014,works_for
PERSON_00106,ORG_0015,works_for
PERSON_00113,ORG_0016,works_for
PERSON_00120,ORG_0017,works_for
PERSON_00127,ORG_0018,works_for
PERSON_00134,ORG_0019,works_for
PERSON_00141,ORG_0020,works_for
PERSON_00148,ORG_0021,works_for
PERSON_00155,ORG_0022,works_for
PERSON_00162,ORG_0023,works_for
PERSON_00169,ORG_0024,works_for
PERSON_00176,ORG_0025,works_for
PERSON_00183,ORG_0026,works_for
PERSON_00190,ORG_0027,works_for
PERSON_00197,ORG_0028,works_for
PERSON_00204,ORG_0029,works_for
PERSON_00211,ORG_0030,works_for
PERSON_00218,ORG_0031,works_for
PERSON_00225,ORG_0032,works_for
PERSON_00232,ORG_0033,works_for
PERSON_00239,ORG_0034,works_for
PERSON_00246,ORG_0035,works_for
PERSON_00253,ORG_0036,works_for
PERSON_00260,ORG_0037,works_for
PERSON_00267,ORG_0038,works_for
PERSON_00274,ORG_0039,works_for
PERSON_00281,ORG_0040,works_for
PERSON_00288,ORG_0041,works_for
PERSON_00295,ORG_0042,works_for
PERSON_00302,ORG_0043,works_for
PERSON_00309,ORG_0044,works_for
PERSON_00316,ORG_0045,works_for
PERSON_00323,ORG_0046,works_for
PERSON_00330,ORG_0047,works_for
PERSON_00337,ORG_0048,works_for
PERSON_00344,ORG_0049,works_for
PERSON_00351,ORG_0050,works_for
PERSON_00358,ORG_0051,works_for
PERSON_00365,ORG_0052,works_for
PERSON_00372,ORG_0053,works_for
PERSON_00379,ORG_0054,works_for
PERSON_00386,ORG_0055,works_for
