sighting_id,vehicle_id,date,location_id,observed_driver,source
SIGHT_00001,VEH_0001,2021-02-11,LOC_0001,PERSON_00001,patrol note
SIGHT_00002,VEH_0002,2023-11-26,LOC_0008,PERSON_00034,patrol note
SIGHT_00003,VEH_0003,2025-05-19,LOC_0015,PERSON_00014,parking record
SIGHT_00004,VEH_0004,2022-05-10,LOC_0022,PERSON_00027,toll camera
SIGHT_00005,VEH_0005,2022-03-03,LOC_0029,PERSON_00125,parking record
SIGHT_00006,VEH_0006,2025-06-28,LOC_0036,PERSON_00053,parking record
SIGHT_00007,VEH_0007,2024-01-08,LOC_0043,PERSON_00066,parking record
SIGHT_00008,VEH_0008,2022-03-21,LOC_0050,PERSON_00079,toll camera
SIGHT_00009,VEH_0009,2022-11-06,LOC_0057,PERSON_00249,CCTV summary
SIGHT_00010,VEH_0010,2022-09-12,LOC_0064,PERSON_00167,CCTV summary
SIGHT_00011,VEH_0011,2021-10-10,LOC_0071,PERSON_00105,CCTV summary
SIGHT_00012,VEH_0012,2021-07-24,LOC_0078,PERSON_00118,patrol note
SIGHT_00013,VEH_0013,2025-01-15,LOC_0085,PERSON_00373,patrol note
SIGHT_00014,VEH_0014,2024-11-06,LOC_0092,PERSON_00144,CCTV summary
SIGHT_00015,VEH_0015,2025-09-01,LOC_0099,PERSON_00157,patrol note
SIGHT_00016,VEH_0016,2024-11-01,LOC_0106,PERSON_00170,patrol note
SIGHT_00017,VEH_0017,2023-01-12,LOC_0113,PERSON_00047,parking record
SIGHT_00018,VEH_0018,2024-04-28,LOC_0120,PERSON_00300,patrol note
SIGHT_00019,VEH_0019,2021-12-06,LOC_0007,PERSON_00196,patrol note
SIGHT_00020,VEH_0020,2024-02-26,LOC_0014,PERSON_00209,parking record
SIGHT_00021,VEH_0021,2021-11-28,LOC_0021,PERSON_00171,patrol note
SIGHT_00022,VEH_0022,2025-08-29,LOC_0028,PERSON_00235,CCTV summary
SIGHT_00023,VEH_0023,2025-07-02,LOC_0035,PERSON_00248,CCTV summary
SIGHT_00024,VEH_0024,2024-02-04,LOC_0042,PERSON_00261,toll camera
SIGHT_00025,VEH_0025,2023-07-03,LOC_0049,PERSON_00295,patrol note
SIGHT_00026,VEH_0026,2024-08-14,LOC_0056,PERSON_00433,toll camera
SIGHT_00027,VEH_0027,2024-08-15,LOC_0063,PERSON_00287,CCTV summary
SIGHT_00028,VEH_0028,2022-07-17,LOC_0070,PERSON_00300,toll camera
SIGHT_00029,VEH_0029,2025-07-02,LOC_0077,PERSON_00419,toll camera
SIGHT_00030,VEH_0030,2024-09-13,LOC_0084,PERSON_00326,CCTV summary
SIGHT_00031,VEH_0031,2021-01-30,LOC_0091,PERSON_00339,CCTV summary
SIGHT_00032,VEH_0032,2026-04-20,LOC_0098,PERSON_00352,toll camera
SIGHT_00033,VEH_0033,2021-12-31,LOC_0105,PERSON_00093,patrol note
SIGHT_00034,VEH_0034,2024-07-10,LOC_0112,PERSON_00116,parking record
SIGHT_00035,VEH_0035,2024-07-04,LOC_0119,PERSON_00378,toll camera
SIGHT_00036,VEH_0036,2021-04-23,LOC_0006,PERSON_00391,toll camera
SIGHT_00037,VEH_0037,2021-03-06,LOC_0013,PERSON_00217,parking record
SIGHT_00038,VEH_0038,2021-06-19,LOC_0020,PERSON_00417,parking record
SIGHT_00039,VEH_0039,2021-12-31,LOC_0027,PERSON_00430,toll camera
SIGHT_00040,VEH_0040,2022-09-01,LOC_0034,PERSON_00443,patrol note
SIGHT_00041,VEH_0041,2024-08-22,LOC_0041,PERSON_00341,parking record
SIGHT_00042,VEH_0042,2023-01-25,LOC_0048,PERSON_00249,CCTV summary
SIGHT_00043,VEH_0043,2026-02-21,LOC_0055,PERSON_00019,toll camera
SIGHT_00044,VEH_0044,2025-02-10,LOC_0062,PERSON_00032,CCTV summary
SIGHT_00045,VEH_0045,2022-05-14,LOC_0069,PERSON_00015,patrol note
SIGHT_00046,VEH_0046,2025-09-09,LOC_0076,PERSON_00058,CCTV summary
SIGHT_00047,VEH_0047,2023-10-21,LOC_0083,PERSON_00071,CCTV summary
SIGHT_00048,VEH_0048,2025-10-02,LOC_0090,PERSON_00084,toll camera
SIGHT_00049,VEH_0049,2024-05-28,LOC_0097,PERSON_00139,toll camera
SIGHT_00050,VEH_0050,2022-03-03,LOC_0104,PERSON_00382,toll camera
SIGHT_00051,VEH_0051,2024-07-13,LOC_0111,PERSON_00110,CCTV summary
SIGHT_00052,VEH_0052,2026-03-21,LOC_0118,PERSON_00123,CCTV summary
SIGHT_00053,VEH_0053,2021-10-23,LOC_0005,PERSON_00263,patrol note
SIGHT_00054,VEH_0054,2022-10-30,LOC_0012,PERSON_00149,parking record
SIGHT_00055,VEH_0055,2024-10-06,LOC_0019,PERSON_00162,toll camera
SIGHT_00056,VEH_0056,2023-01-31,LOC_0026,PERSON_00175,parking record
SIGHT_00057,VEH_0057,2024-01-03,LOC_0033,PERSON_00387,CCTV summary
SIGHT_00058,VEH_0058,2023-12-07,LOC_0040,PERSON_00065,patrol note
SIGHT_00059,VEH_0059,2026-04-26,LOC_0047,PERSON_00201,patrol note
SIGHT_00060,VEH_0060,2023-03-12,LOC_0054,PERSON_00214,CCTV summary
SIGHT_00061,VEH_0061,2024-06-10,LOC_0061,PERSON_00061,parking record
SIGHT_00062,VEH_0062,2021-10-31,LOC_0068,PERSON_00240,toll camera
SIGHT_00063,VEH_0063,2023-02-09,LOC_0075,PERSON_00253,parking record
SIGHT_00064,VEH_0064,2025-07-05,LOC_0082,PERSON_00266,patrol note
SIGHT_00065,VEH_0065,2024-07-03,LOC_0089,PERSON_00185,parking record
SIGHT_00066,VEH_0066,2026-04-03,LOC_0096,PERSON_00198,CCTV summary
SIGHT_00067,VEH_0067,2025-09-01,LOC_0103,PERSON_00292,toll camera
SIGHT_00068,VEH_0068,2022-01-29,LOC_0110,PERSON_00305,patrol note
SIGHT_00069,VEH_0069,2023-06-21,LOC_0117,PERSON_00309,toll camera
SIGHT_00070,VEH_0070,2022-02-05,LOC_0004,PERSON_00331,parking record
SIGHT_00071,VEH_0071,2025-10-17,LOC_0011,PERSON_00344,toll camera
SIGHT_00072,VEH_0072,2024-03-27,LOC_0018,PERSON_00357,parking record
SIGHT_00073,VEH_0073,2024-05-18,LOC_0025,PERSON_00433,patrol note
SIGHT_00074,VEH_0074,2024-11-21,LOC_0032,PERSON_00331,toll camera
SIGHT_00075,VEH_0075,2024-03-03,LOC_0039,PERSON_00383,patrol note
SIGHT_00076,VEH_0076,2022-03-29,LOC_0046,PERSON_00396,CCTV summary
SIGHT_00077,VEH_0077,2022-01-13,LOC_0053,PERSON_00107,CCTV summary
SIGHT_00078,VEH_0078,2023-05-03,LOC_0060,PERSON_00422,parking record
SIGHT_00079,VEH_0079,2025-10-19,LOC_0067,PERSON_00435,patrol note
SIGHT_00080,VEH_0080,2024-08-21,LOC_0074,PERSON_00448,patrol note
SIGHT_00081,VEH_0081,2025-06-15,LOC_0081,PERSON_00231,toll camera
SIGHT_00082,VEH_0082,2023-11-03,LOC_0088,PERSON_00014,patrol note
SIGHT_00083,VEH_0083,2021-07-10,LOC_0095,PERSON_00024,patrol note
SIGHT_00084,VEH_0084,2024-06-07,LOC_0102,PERSON_00037,patrol note
SIGHT_00085,VEH_0085,2023-12-21,LOC_0109,PERSON_00355,patrol note
SIGHT_00086,VEH_0086,2024-03-23,LOC_0116,PERSON_00063,CCTV summary
SIGHT_00087,VEH_0087,2021-01-04,LOC_0003,PERSON_00076,toll camera
SIGHT_00088,VEH_0088,2022-11-15,LOC_0010,PERSON_00089,CCTV summary
SIGHT_00089,VEH_0089,2024-11-27,LOC_0017,PERSON_00029,parking record
SIGHT_00090,VEH_0090,2023-11-04,LOC_0024,PERSON_00147,toll camera
SIGHT_00091,VEH_0091,2024-07-03,LOC_0031,PERSON_00115,patrol note
SIGHT_00092,VEH_0092,2021-02-12,LOC_0038,PERSON_00128,toll camera
SIGHT_00093,VEH_0093,2025-01-16,LOC_0045,PERSON_00153,CCTV summary
SIGHT_00094,VEH_0094,2025-07-03,LOC_0052,PERSON_00154,parking record
SIGHT_00095,VEH_0095,2021-05-01,LOC_0059,PERSON_00167,toll camera
SIGHT_00096,VEH_0096,2022-04-17,LOC_0066,PERSON_00180,patrol note
SIGHT_00097,VEH_0097,2025-07-27,LOC_0073,PERSON_00277,toll camera
SIGHT_00098,VEH_0098,2024-12-22,LOC_0080,PERSON_00280,CCTV summary
SIGHT_00099,VEH_0099,2025-06-23,LOC_0087,PERSON_00206,parking record
SIGHT_00100,VEH_0100,2024-11-03,LOC_0094,PERSON_00219,toll camera
SIGHT_00101,VEH_0101,2025-07-23,LOC_0101,PERSON_00401,parking record
SIGHT_00102,VEH_0102,2022-05-09,LOC_0108,PERSON_00245,CCTV summary
SIGHT_00103,VEH_0103,2024-04-02,LOC_0115,PERSON_00258,parking record
SIGHT_00104,VEH_0104,2022-02-16,LOC_0002,PERSON_00271,toll camera
SIGHT_00105,VEH_0105,2025-12-12,LOC_0009,PERSON_00075,CCTV summary
SIGHT_00106,VEH_0106,2025-07-13,LOC_0016,PERSON_00413,CCTV summary
SIGHT_00107,VEH_0107,2024-11-07,LOC_0023,PERSON_00297,parking record
SIGHT_00108,VEH_0108,2021-10-19,LOC_0030,PERSON_00310,patrol note
SIGHT_00109,VEH_0109,2022-01-21,LOC_0037,PERSON_00199,CCTV summary
SIGHT_00110,VEH_0110,2024-12-17,LOC_0044,PERSON_00336,toll camera
SIGHT_00111,VEH_0111,2024-03-23,LOC_0051,PERSON_00349,toll camera
SIGHT_00112,VEH_0112,2022-10-14,LOC_0058,PERSON_00362,patrol note
SIGHT_00113,VEH_0113,2023-06-23,LOC_0065,PERSON_00323,parking record
SIGHT_00114,VEH_0114,2026-02-19,LOC_0072,PERSON_00096,CCTV summary
SIGHT_00115,VEH_0115,2025-09-16,LOC_0079,PERSON_00388,parking record
SIGHT_00116,VEH_0116,2022-10-06,LOC_0086,PERSON_00401,parking record
SIGHT_00117,VEH_0117,2021-03-24,LOC_0093,PERSON_00447,toll camera
SIGHT_00118,VEH_0118,2021-08-22,LOC_0100,PERSON_00427,CCTV summary
SIGHT_00119,VEH_0119,2023-01-25,LOC_0107,PERSON_00440,patrol note
SIGHT_00120,VEH_0120,2026-05-03,LOC_0114,PERSON_00003,toll camera
SIGHT_00121,VEH_0121,2026-04-18,LOC_0001,PERSON_00121,patrol note
SIGHT_00122,VEH_0122,2022-08-12,LOC_0008,PERSON_00229,parking record
SIGHT_00123,VEH_0123,2026-05-01,LOC_0015,PERSON_00029,CCTV summary
SIGHT_00124,VEH_0124,2024-04-21,LOC_0022,PERSON_00042,toll camera
SIGHT_00125,VEH_0125,2025-04-13,LOC_0029,PERSON_00245,toll camera
SIGHT_00126,VEH_0126,2023-01-13,LOC_0036,PERSON_00068,CCTV summary
SIGHT_00127,VEH_0127,2021-06-13,LOC_0043,PERSON_00081,toll camera
SIGHT_00128,VEH_0128,2025-08-16,LOC_0050,PERSON_00094,CCTV summary
SIGHT_00129,VEH_0129,2021-11-14,LOC_0057,PERSON_00369,patrol note
SIGHT_00130,VEH_0130,2022-02-13,LOC_0064,PERSON_00362,toll camera
SIGHT_00131,VEH_0131,2021-01-21,LOC_0071,PERSON_00120,CCTV summary
SIGHT_00132,VEH_0132,2026-03-02,LOC_0078,PERSON_00133,toll camera
SIGHT_00133,VEH_0133,2024-10-02,LOC_0085,PERSON_00043,patrol note
SIGHT_00134,VEH_0134,2025-05-28,LOC_0092,PERSON_00159,CCTV summary
SIGHT_00135,VEH_0135,2021-07-01,LOC_0099,PERSON_00172,patrol note
SIGHT_00136,VEH_0136,2025-07-03,LOC_0106,PERSON_00185,toll camera
SIGHT_00137,VEH_0137,2024-09-02,LOC_0113,PERSON_00167,CCTV summary
SIGHT_00138,VEH_0138,2021-06-18,LOC_0120,PERSON_00045,parking record
SIGHT_00139,VEH_0139,2024-01-24,LOC_0007,PERSON_00211,patrol note
SIGHT_00140,VEH_0140,2022-01-03,LOC_0014,PERSON_00224,patrol note
SIGHT_00141,VEH_0141,2026-01-08,LOC_0021,PERSON_00291,toll camera
SIGHT_00142,VEH_0142,2024-07-09,LOC_0028,PERSON_00250,toll camera
SIGHT_00143,VEH_0143,2024-02-27,LOC_0035,PERSON_00263,CCTV summary
SIGHT_00144,VEH_0144,2023-03-05,LOC_0042,PERSON_00276,parking record
SIGHT_00145,VEH_0145,2024-04-04,LOC_0049,PERSON_00415,CCTV summary
SIGHT_00146,VEH_0146,2022-09-08,LOC_0056,PERSON_00178,parking record
SIGHT_00147,VEH_0147,2026-04-11,LOC_0063,PERSON_00302,parking record
SIGHT_00148,VEH_0148,2022-02-03,LOC_0070,PERSON_00315,toll camera
SIGHT_00149,VEH_0149,2026-05-15,LOC_0077,PERSON_00089,CCTV summary
SIGHT_00150,VEH_0150,2024-09-11,LOC_0084,PERSON_00341,toll camera
SIGHT_00151,VEH_0151,2022-02-20,LOC_0091,PERSON_00354,toll camera
SIGHT_00152,VEH_0152,2022-01-29,LOC_0098,PERSON_00367,CCTV summary
SIGHT_00153,VEH_0153,2024-11-04,LOC_0105,PERSON_00213,CCTV summary
SIGHT_00154,VEH_0154,2021-11-15,LOC_0112,PERSON_00311,toll camera
SIGHT_00155,VEH_0155,2022-03-01,LOC_0119,PERSON_00393,toll camera
SIGHT_00156,VEH_0156,2026-05-03,LOC_0006,PERSON_00406,parking record
SIGHT_00157,VEH_0157,2023-09-23,LOC_0013,PERSON_00337,patrol note
SIGHT_00158,VEH_0158,2022-11-29,LOC_0020,PERSON_00432,parking record
SIGHT_00159,VEH_0159,2024-05-12,LOC_0027,PERSON_00445,toll camera
SIGHT_00160,VEH_0160,2021-10-09,LOC_0034,PERSON_00008,toll camera
SIGHT_00161,VEH_0161,2023-05-13,LOC_0041,PERSON_00011,parking record
SIGHT_00162,VEH_0162,2026-03-17,LOC_0048,PERSON_00444,CCTV summary
SIGHT_00163,VEH_0163,2026-01-08,LOC_0055,PERSON_00034,CCTV summary
SIGHT_00164,VEH_0164,2024-01-09,LOC_0062,PERSON_00047,toll camera
SIGHT_00165,VEH_0165,2024-05-08,LOC_0069,PERSON_00135,CCTV summary
SIGHT_00166,VEH_0166,2024-01-05,LOC_0076,PERSON_00073,patrol note
SIGHT_00167,VEH_0167,2021-12-29,LOC_0083,PERSON_00086,toll camera
SIGHT_00168,VEH_0168,2021-03-30,LOC_0090,PERSON_00099,CCTV summary
SIGHT_00169,VEH_0169,2023-02-06,LOC_0097,PERSON_00259,CCTV summary
SIGHT_00170,VEH_0170,2024-02-04,LOC_0104,PERSON_00127,parking record
SIGHT_00171,VEH_0171,2025-11-03,LOC_0111,PERSON_00125,parking record
SIGHT_00172,VEH_0172,2026-06-27,LOC_0118,PERSON_00138,toll camera
SIGHT_00173,VEH_0173,2026-05-13,LOC_0005,PERSON_00383,parking record
SIGHT_00174,VEH_0174,2026-01-11,LOC_0012,PERSON_00164,CCTV summary
SIGHT_00175,VEH_0175,2022-05-13,LOC_0019,PERSON_00177,toll camera
SIGHT_00176,VEH_0176,2023-10-06,LOC_0026,PERSON_00190,toll camera
SIGHT_00177,VEH_0177,2023-06-29,LOC_0033,PERSON_00057,patrol note
SIGHT_00178,VEH_0178,2024-04-18,LOC_0040,PERSON_00260,parking record
SIGHT_00179,VEH_0179,2021-08-09,LOC_0047,PERSON_00216,parking record
SIGHT_00180,VEH_0180,2021-12-17,LOC_0054,PERSON_00229,CCTV summary
SIGHT_00181,VEH_0181,2026-04-24,LOC_0061,PERSON_00181,parking record
SIGHT_00182,VEH_0182,2026-02-05,LOC_0068,PERSON_00255,parking record
SIGHT_00183,VEH_0183,2023-06-22,LOC_0075,PERSON_00268,parking record
SIGHT_00184,VEH_0184,2023-12-13,LOC_0082,PERSON_00281,patrol note
SIGHT_00185,VEH_0185,2026-01-21,LOC_0089,PERSON_00305,patrol note
SIGHT_00186,VEH_0186,2024-10-19,LOC_0096,PERSON_00393,patrol note
SIGHT_00187,VEH_0187,2021-04-21,LOC_0103,PERSON_00307,parking record
SIGHT_00188,VEH_0188,2021-11-17,LOC_0110,PERSON_00320,parking record
SIGHT_00189,VEH_0189,2026-02-18,LOC_0117,PERSON_00429,toll camera
SIGHT_00190,VEH_0190,2021-10-10,LOC_0004,PERSON_00346,CCTV summary
SIGHT_00191,VEH_0191,2023-02-26,LOC_0011,PERSON_00359,parking record
SIGHT_00192,VEH_0192,2023-10-03,LOC_0018,PERSON_00372,parking record
SIGHT_00193,VEH_0193,2021-10-26,LOC_0025,PERSON_00103,CCTV summary
SIGHT_00194,VEH_0194,2023-08-19,LOC_0032,PERSON_00076,patrol note
SIGHT_00195,VEH_0195,2025-11-01,LOC_0039,PERSON_00398,parking record
SIGHT_00196,VEH_0196,2023-05-22,LOC_0046,PERSON_00411,patrol note
SIGHT_00197,VEH_0197,2025-01-08,LOC_0053,PERSON_00227,parking record
SIGHT_00198,VEH_0198,2022-09-23,LOC_0060,PERSON_00437,parking record
SIGHT_00199,VEH_0199,2021-02-19,LOC_0067,PERSON_00450,patrol note
SIGHT_00200,VEH_0200,2024-08-28,LOC_0074,PERSON_00013,CCTV summary
SIGHT_00201,VEH_0201,2023-01-30,LOC_0081,PERSON_00351,parking record
SIGHT_00202,VEH_0202,2025-11-08,LOC_0088,PERSON_00209,toll camera
SIGHT_00203,VEH_0203,2023-01-04,LOC_0095,PERSON_00039,CCTV summary
SIGHT_00204,VEH_0204,2025-01-15,LOC_0102,PERSON_00052,CCTV summary
SIGHT_00205,VEH_0205,2025-07-12,LOC_0109,PERSON_00025,toll camera
SIGHT_00206,VEH_0206,2024-03-23,LOC_0116,PERSON_00078,CCTV summary
SIGHT_00207,VEH_0207,2024-08-04,LOC_0003,PERSON_00091,CCTV summary
SIGHT_00208,VEH_0208,2024-04-27,LOC_0010,PERSON_00104,toll camera
SIGHT_00209,VEH_0209,2022-03-23,LOC_0017,PERSON_00149,parking record
SIGHT_00210,VEH_0210,2024-01-10,LOC_0024,PERSON_00342,parking record
SIGHT_00211,VEH_0211,2025-08-15,LOC_0031,PERSON_00130,CCTV summary
SIGHT_00212,VEH_0212,2025-12-09,LOC_0038,PERSON_00143,parking record
SIGHT_00213,VEH_0213,2026-06-18,LOC_0045,PERSON_00273,toll camera
SIGHT_00214,VEH_0214,2024-09-17,LOC_0052,PERSON_00169,patrol note
SIGHT_00215,VEH_0215,2022-04-23,LOC_0059,PERSON_00182,parking record
SIGHT_00216,VEH_0216,2022-01-02,LOC_0066,PERSON_00195,patrol note
SIGHT_00217,VEH_0217,2022-08-07,LOC_0073,PERSON_00397,CCTV summary
SIGHT_00218,VEH_0218,2025-09-20,LOC_0080,PERSON_00025,toll camera
SIGHT_00219,VEH_0219,2023-05-25,LOC_0087,PERSON_00221,toll camera
SIGHT_00220,VEH_0220,2023-03-23,LOC_0094,PERSON_00234,toll camera
SIGHT_00221,VEH_0221,2022-12-04,LOC_0101,PERSON_00071,toll camera
SIGHT_00222,VEH_0222,2023-08-12,LOC_0108,PERSON_00260,parking record
SIGHT_00223,VEH_0223,2023-01-30,LOC_0115,PERSON_00273,CCTV summary
SIGHT_00224,VEH_0224,2022-08-15,LOC_0002,PERSON_00286,parking record
SIGHT_00225,VEH_0225,2023-07-17,LOC_0009,PERSON_00195,toll camera
SIGHT_00226,VEH_0226,2026-02-13,LOC_0016,PERSON_00158,CCTV summary
SIGHT_00227,VEH_0227,2024-02-15,LOC_0023,PERSON_00312,patrol note
SIGHT_00228,VEH_0228,2023-11-04,LOC_0030,PERSON_00325,CCTV summary
SIGHT_00229,VEH_0229,2021-02-20,LOC_0037,PERSON_00319,parking record
SIGHT_00230,VEH_0230,2021-08-24,LOC_0044,PERSON_00351,toll camera
SIGHT_00231,VEH_0001,2026-05-22,LOC_0051,PERSON_00364,toll camera
SIGHT_00232,VEH_0002,2022-05-30,LOC_0058,PERSON_00377,parking record
SIGHT_00233,VEH_0003,2021-05-17,LOC_0065,PERSON_00443,toll camera
SIGHT_00234,VEH_0004,2022-05-03,LOC_0072,PERSON_00291,CCTV summary
SIGHT_00235,VEH_0005,2025-05-18,LOC_0079,PERSON_00403,patrol note
SIGHT_00236,VEH_0006,2022-10-13,LOC_0086,PERSON_00416,parking record
SIGHT_00237,VEH_0007,2021-12-12,LOC_0093,PERSON_00117,patrol note
SIGHT_00238,VEH_0008,2021-02-03,LOC_0100,PERSON_00442,toll camera
SIGHT_00239,VEH_0009,2021-08-11,LOC_0107,PERSON_00005,CCTV summary
SIGHT_00240,VEH_0010,2022-12-17,LOC_0114,PERSON_00018,patrol note
SIGHT_00241,VEH_0011,2024-12-03,LOC_0001,PERSON_00241,parking record
SIGHT_00242,VEH_0012,2024-12-14,LOC_0008,PERSON_00424,toll camera
SIGHT_00243,VEH_0013,2022-06-24,LOC_0015,PERSON_00044,CCTV summary
SIGHT_00244,VEH_0014,2024-06-15,LOC_0022,PERSON_00057,CCTV summary
SIGHT_00245,VEH_0015,2021-12-20,LOC_0029,PERSON_00365,parking record
SIGHT_00246,VEH_0016,2025-08-22,LOC_0036,PERSON_00083,toll camera
SIGHT_00247,VEH_0017,2025-07-01,LOC_0043,PERSON_00096,toll camera
SIGHT_00248,VEH_0018,2025-08-20,LOC_0050,PERSON_00109,parking record
SIGHT_00249,VEH_0019,2023-06-11,LOC_0057,PERSON_00039,CCTV summary
SIGHT_00250,VEH_0020,2024-05-28,LOC_0064,PERSON_00107,parking record
SIGHT_00251,VEH_0021,2025-09-23,LOC_0071,PERSON_00135,CCTV summary
SIGHT_00252,VEH_0022,2024-04-29,LOC_0078,PERSON_00148,parking record
SIGHT_00253,VEH_0023,2025-01-03,LOC_0085,PERSON_00163,patrol note
SIGHT_00254,VEH_0024,2022-02-18,LOC_0092,PERSON_00174,parking record
SIGHT_00255,VEH_0025,2025-01-26,LOC_0099,PERSON_00187,parking record
SIGHT_00256,VEH_0026,2024-11-25,LOC_0106,PERSON_00200,patrol note
SIGHT_00257,VEH_0027,2022-12-04,LOC_0113,PERSON_00287,parking record
SIGHT_00258,VEH_0028,2025-03-10,LOC_0120,PERSON_00240,parking record
SIGHT_00259,VEH_0029,2025-06-10,LOC_0007,PERSON_00226,CCTV summary
SIGHT_00260,VEH_0030,2024-06-12,LOC_0014,PERSON_00239,patrol note
SIGHT_00261,VEH_0031,2024-09-30,LOC_0021,PERSON_00411,parking record
SIGHT_00262,VEH_0032,2025-07-12,LOC_0028,PERSON_00265,CCTV summary
SIGHT_00263,VEH_0033,2025-12-07,LOC_0035,PERSON_00278,patrol note
SIGHT_00264,VEH_0034,2024-05-03,LOC_0042,PERSON_00001,CCTV summary
SIGHT_00265,VEH_0035,2023-06-13,LOC_0049,PERSON_00085,patrol note
SIGHT_00266,VEH_0036,2021-12-27,LOC_0056,PERSON_00014,parking record
SIGHT_00267,VEH_0037,2026-03-26,LOC_0063,PERSON_00027,CCTV summary
SIGHT_00268,VEH_0038,2025-07-11,LOC_0070,PERSON_00040,CCTV summary
SIGHT_00269,VEH_0039,2026-05-22,LOC_0077,PERSON_00209,toll camera
SIGHT_00270,VEH_0040,2025-12-12,LOC_0084,PERSON_00066,CCTV summary
SIGHT_00271,VEH_0041,2023-04-07,LOC_0091,PERSON_00079,patrol note
SIGHT_00272,VEH_0042,2024-10-13,LOC_0098,PERSON_00092,parking record
SIGHT_00273,VEH_0043,2023-01-04,LOC_0105,PERSON_00333,CCTV summary
SIGHT_00274,VEH_0044,2023-02-23,LOC_0112,PERSON_00105,CCTV summary
SIGHT_00275,VEH_0045,2022-03-21,LOC_0119,PERSON_00118,parking record
SIGHT_00276,VEH_0046,2024-03-08,LOC_0006,PERSON_00131,CCTV summary
SIGHT_00277,VEH_0047,2022-04-13,LOC_0013,PERSON_00007,patrol note
SIGHT_00278,VEH_0048,2021-04-12,LOC_0020,PERSON_00157,CCTV summary
SIGHT_00279,VEH_0049,2021-12-09,LOC_0027,PERSON_00170,CCTV summary
SIGHT_00280,VEH_0050,2022-10-12,LOC_0034,PERSON_00183,patrol note
SIGHT_00281,VEH_0051,2024-08-03,LOC_0041,PERSON_00131,toll camera
SIGHT_00282,VEH_0052,2024-11-19,LOC_0048,PERSON_00196,parking record
SIGHT_00283,VEH_0053,2025-05-16,LOC_0055,PERSON_00209,CCTV summary
SIGHT_00284,VEH_0054,2021-06-25,LOC_0062,PERSON_00222,toll camera
SIGHT_00285,VEH_0055,2025-12-13,LOC_0069,PERSON_00255,toll camera
SIGHT_00286,VEH_0056,2024-09-22,LOC_0076,PERSON_00248,CCTV summary
SIGHT_00287,VEH_0057,2021-07-27,LOC_0083,PERSON_00261,patrol note
SIGHT_00288,VEH_0058,2024-05-26,LOC_0090,PERSON_00274,toll camera
SIGHT_00289,VEH_0059,2025-03-03,LOC_0097,PERSON_00379,toll camera
SIGHT_00290,VEH_0060,2022-04-28,LOC_0104,PERSON_00287,parking record
SIGHT_00291,VEH_0061,2026-05-27,LOC_0111,PERSON_00300,CCTV summary
SIGHT_00292,VEH_0062,2022-10-25,LOC_0118,PERSON_00313,toll camera
SIGHT_00293,VEH_0063,2023-09-22,LOC_0005,PERSON_00053,patrol note
SIGHT_00294,VEH_0064,2026-05-20,LOC_0012,PERSON_00339,CCTV summary
SIGHT_00295,VEH_0065,2021-06-27,LOC_0019,PERSON_00352,toll camera
SIGHT_00296,VEH_0066,2023-04-14,LOC_0026,PERSON_00365,toll camera
SIGHT_00297,VEH_0067,2026-05-20,LOC_0033,PERSON_00177,toll camera
SIGHT_00298,VEH_0068,2022-09-20,LOC_0040,PERSON_00378,CCTV summary
SIGHT_00299,VEH_0069,2026-04-03,LOC_0047,PERSON_00391,CCTV summary
SIGHT_00300,VEH_0070,2023-02-28,LOC_0054,PERSON_00404,toll camera
SIGHT_00301,VEH_0071,2021-09-01,LOC_0061,PERSON_00301,CCTV summary
SIGHT_00302,VEH_0072,2025-02-12,LOC_0068,PERSON_00430,CCTV summary
SIGHT_00303,VEH_0073,2023-11-13,LOC_0075,PERSON_00443,CCTV summary
SIGHT_00304,VEH_0074,2026-02-27,LOC_0082,PERSON_00006,toll camera
SIGHT_00305,VEH_0075,2021-11-26,LOC_0089,PERSON_00425,parking record
SIGHT_00306,VEH_0076,2023-07-23,LOC_0096,PERSON_00019,CCTV summary
SIGHT_00307,VEH_0077,2021-06-17,LOC_0103,PERSON_00032,parking record
SIGHT_00308,VEH_0078,2023-06-12,LOC_0110,PERSON_00045,CCTV summary
SIGHT_00309,VEH_0079,2021-10-25,LOC_0117,PERSON_00099,patrol note
SIGHT_00310,VEH_0080,2024-07-16,LOC_0004,PERSON_00071,toll camera
SIGHT_00311,VEH_0081,2021-08-13,LOC_0011,PERSON_00084,patrol note
SIGHT_00312,VEH_0082,2021-06-03,LOC_0018,PERSON_00097,parking record
SIGHT_00313,VEH_0083,2025-07-01,LOC_0025,PERSON_00223,parking record
SIGHT_00314,VEH_0084,2025-05-02,LOC_0032,PERSON_00110,parking record
SIGHT_00315,VEH_0085,2024-09-02,LOC_0039,PERSON_00123,toll camera
SIGHT_00316,VEH_0086,2026-02-03,LOC_0046,PERSON_00136,CCTV summary
SIGHT_00317,VEH_0087,2023-09-29,LOC_0053,PERSON_00347,patrol note
SIGHT_00318,VEH_0088,2023-01-22,LOC_0060,PERSON_00162,parking record
SIGHT_00319,VEH_0089,2021-12-16,LOC_0067,PERSON_00175,CCTV summary
SIGHT_00320,VEH_0090,2025-05-26,LOC_0074,PERSON_00188,patrol note
SIGHT_00321,VEH_0091,2023-08-30,LOC_0081,PERSON_00021,CCTV summary
SIGHT_00322,VEH_0092,2022-08-12,LOC_0088,PERSON_00201,toll camera
SIGHT_00323,VEH_0093,2023-07-23,LOC_0095,PERSON_00214,parking record
SIGHT_00324,VEH_0094,2022-09-28,LOC_0102,PERSON_00227,CCTV summary
SIGHT_00325,VEH_0095,2025-08-24,LOC_0109,PERSON_00145,parking record
SIGHT_00326,VEH_0096,2025-01-05,LOC_0116,PERSON_00253,CCTV summary
SIGHT_00327,VEH_0097,2022-09-13,LOC_0003,PERSON_00266,CCTV summary
SIGHT_00328,VEH_0098,2023-06-05,LOC_0010,PERSON_00279,toll camera
SIGHT_00329,VEH_0099,2026-01-14,LOC_0017,PERSON_00269,parking record
SIGHT_00330,VEH_0100,2024-05-27,LOC_0024,PERSON_00292,parking record
SIGHT_00331,VEH_0101,2025-01-26,LOC_0031,PERSON_00305,CCTV summary
SIGHT_00332,VEH_0102,2025-12-11,LOC_0038,PERSON_00318,patrol note
SIGHT_00333,VEH_0103,2022-11-13,LOC_0045,PERSON_00393,CCTV summary
SIGHT_00334,VEH_0104,2023-08-08,LOC_0052,PERSON_00344,parking record
SIGHT_00335,VEH_0105,2021-03-29,LOC_0059,PERSON_00357,toll camera
SIGHT_00336,VEH_0106,2022-02-11,LOC_0066,PERSON_00370,CCTV summary
SIGHT_00337,VEH_0107,2024-12-25,LOC_0073,PERSON_00067,patrol note
SIGHT_00338,VEH_0108,2023-08-30,LOC_0080,PERSON_00383,parking record
SIGHT_00339,VEH_0109,2025-04-23,LOC_0087,PERSON_00396,parking record
SIGHT_00340,VEH_0110,2025-03-13,LOC_0094,PERSON_00409,parking record
SIGHT_00341,VEH_0111,2025-02-09,LOC_0101,PERSON_00191,toll camera
SIGHT_00342,VEH_0112,2024-06-07,LOC_0108,PERSON_00435,patrol note
SIGHT_00343,VEH_0113,2025-09-03,LOC_0115,PERSON_00448,patrol note
SIGHT_00344,VEH_0114,2024-08-07,LOC_0002,PERSON_00011,parking record
SIGHT_00345,VEH_0115,2024-12-19,LOC_0009,PERSON_00315,patrol note
SIGHT_00346,VEH_0116,2021-04-13,LOC_0016,PERSON_00024,parking record
SIGHT_00347,VEH_0117,2025-02-17,LOC_0023,PERSON_00037,CCTV summary
SIGHT_00348,VEH_0118,2025-11-08,LOC_0030,PERSON_00050,CCTV summary
SIGHT_00349,VEH_0119,2023-09-20,LOC_0037,PERSON_00439,patrol note
SIGHT_00350,VEH_0120,2022-02-04,LOC_0044,PERSON_00076,patrol note
SIGHT_00351,VEH_0121,2022-12-25,LOC_0051,PERSON_00089,patrol note
SIGHT_00352,VEH_0122,2025-11-27,LOC_0058,PERSON_00102,CCTV summary
SIGHT_00353,VEH_0123,2021-06-28,LOC_0065,PERSON_00113,patrol note
SIGHT_00354,VEH_0124,2022-05-03,LOC_0072,PERSON_00115,CCTV summary
SIGHT_00355,VEH_0125,2024-08-16,LOC_0079,PERSON_00128,parking record
SIGHT_00356,VEH_0126,2025-07-08,LOC_0086,PERSON_00141,parking record
SIGHT_00357,VEH_0127,2025-11-01,LOC_0093,PERSON_00237,toll camera
SIGHT_00358,VEH_0128,2025-10-30,LOC_0100,PERSON_00167,toll camera
SIGHT_00359,VEH_0129,2024-12-17,LOC_0107,PERSON_00180,patrol note
SIGHT_00360,VEH_0130,2024-02-26,LOC_0114,PERSON_00193,parking record
SIGHT_00361,VEH_0131,2025-11-29,LOC_0001,PERSON_00361,parking record
SIGHT_00362,VEH_0132,2024-07-21,LOC_0008,PERSON_00206,CCTV summary
SIGHT_00363,VEH_0133,2025-03-24,LOC_0015,PERSON_00219,CCTV summary
SIGHT_00364,VEH_0134,2021-05-23,LOC_0022,PERSON_00232,parking record
SIGHT_00365,VEH_0135,2022-07-16,LOC_0029,PERSON_00035,toll camera
SIGHT_00366,VEH_0136,2024-02-03,LOC_0036,PERSON_00258,CCTV summary
SIGHT_00367,VEH_0137,2026-04-24,LOC_0043,PERSON_00271,toll camera
SIGHT_00368,VEH_0138,2025-05-20,LOC_0050,PERSON_00284,toll camera
SIGHT_00369,VEH_0139,2024-06-25,LOC_0057,PERSON_00159,CCTV summary
SIGHT_00370,VEH_0140,2024-05-05,LOC_0064,PERSON_00297,parking record
SIGHT_00371,VEH_0141,2026-02-17,LOC_0071,PERSON_00310,parking record
SIGHT_00372,VEH_0142,2023-01-28,LOC_0078,PERSON_00323,toll camera
SIGHT_00373,VEH_0143,2025-03-21,LOC_0085,PERSON_00283,CCTV summary
SIGHT_00374,VEH_0144,2021-07-14,LOC_0092,PERSON_00349,parking record
SIGHT_00375,VEH_0145,2024-08-06,LOC_0099,PERSON_00362,toll camera
SIGHT_00376,VEH_0146,2024-09-04,LOC_0106,PERSON_00375,toll camera
SIGHT_00377,VEH_0147,2025-09-14,LOC_0113,PERSON_00407,CCTV summary
SIGHT_00378,VEH_0148,2022-01-24,LOC_0120,PERSON_00388,parking record
SIGHT_00379,VEH_0149,2024-06-05,LOC_0007,PERSON_00401,CCTV summary
SIGHT_00380,VEH_0150,2022-07-03,LOC_0014,PERSON_00414,toll camera
SIGHT_00381,VEH_0151,2025-07-10,LOC_0021,PERSON_00081,parking record
SIGHT_00382,VEH_0152,2021-06-04,LOC_0028,PERSON_00440,parking record
SIGHT_00383,VEH_0153,2022-02-04,LOC_0035,PERSON_00003,parking record
SIGHT_00384,VEH_0154,2022-08-05,LOC_0042,PERSON_00016,toll camera
SIGHT_00385,VEH_0155,2022-04-07,LOC_0049,PERSON_00205,toll camera
SIGHT_00386,VEH_0156,2022-08-23,LOC_0056,PERSON_00029,patrol note
SIGHT_00387,VEH_0157,2022-05-05,LOC_0063,PERSON_00042,toll camera
SIGHT_00388,VEH_0158,2024-12-22,LOC_0070,PERSON_00055,CCTV summary
SIGHT_00389,VEH_0159,2021-03-05,LOC_0077,PERSON_00329,toll camera
SIGHT_00390,VEH_0160,2024-10-01,LOC_0084,PERSON_00081,patrol note
SIGHT_00391,VEH_0161,2022-05-19,LOC_0091,PERSON_00094,toll camera
SIGHT_00392,VEH_0162,2021-09-12,LOC_0098,PERSON_00107,parking record
SIGHT_00393,VEH_0163,2023-08-07,LOC_0105,PERSON_00003,parking record
SIGHT_00394,VEH_0164,2025-03-05,LOC_0112,PERSON_00120,parking record
SIGHT_00395,VEH_0165,2023-06-02,LOC_0119,PERSON_00133,patrol note
SIGHT_00396,VEH_0166,2026-02-20,LOC_0006,PERSON_00146,CCTV summary
SIGHT_00397,VEH_0167,2024-12-31,LOC_0013,PERSON_00127,toll camera
SIGHT_00398,VEH_0168,2025-07-23,LOC_0020,PERSON_00172,parking record
SIGHT_00399,VEH_0169,2022-09-20,LOC_0027,PERSON_00185,parking record
SIGHT_00400,VEH_0170,2023-09-14,LOC_0034,PERSON_00198,patrol note
SIGHT_00401,VEH_0171,2026-03-01,LOC_0041,PERSON_00251,CCTV summary
SIGHT_00402,VEH_0172,2024-04-18,LOC_0048,PERSON_00211,CCTV summary
SIGHT_00403,VEH_0173,2025-08-12,LOC_0055,PERSON_00224,parking record
SIGHT_00404,VEH_0174,2021-11-14,LOC_0062,PERSON_00237,patrol note
SIGHT_00405,VEH_0175,2021-09-25,LOC_0069,PERSON_00375,toll camera
SIGHT_00406,VEH_0176,2022-11-19,LOC_0076,PERSON_00263,CCTV summary
SIGHT_00407,VEH_0177,2025-08-02,LOC_0083,PERSON_00276,patrol note
SIGHT_00408,VEH_0178,2023-09-20,LOC_0090,PERSON_00289,patrol note
SIGHT_00409,VEH_0179,2021-01-30,LOC_0097,PERSON_00049,patrol note
SIGHT_00410,VEH_0180,2022-12-13,LOC_0104,PERSON_00302,patrol note
SIGHT_00411,VEH_0181,2023-04-28,LOC_0111,PERSON_00315,patrol note
SIGHT_00412,VEH_0182,2026-05-23,LOC_0118,PERSON_00328,parking record
SIGHT_00413,VEH_0183,2022-05-26,LOC_0005,PERSON_00173,CCTV summary
SIGHT_00414,VEH_0184,2025-01-24,LOC_0012,PERSON_00354,CCTV summary
SIGHT_00415,VEH_0185,2026-01-10,LOC_0019,PERSON_00367,CCTV summary
SIGHT_00416,VEH_0186,2022-02-10,LOC_0026,PERSON_00380,patrol note
SIGHT_00417,VEH_0187,2024-12-04,LOC_0033,PERSON_00297,toll camera
SIGHT_00418,VEH_0188,2021-08-07,LOC_0040,PERSON_00393,toll camera
SIGHT_00419,VEH_0189,2022-03-22,LOC_0047,PERSON_00406,CCTV summary
SIGHT_00420,VEH_0190,2024-02-02,LOC_0054,PERSON_00419,toll camera
SIGHT_00421,VEH_0191,2023-01-11,LOC_0061,PERSON_00421,patrol note
SIGHT_00422,VEH_0192,2025-04-13,LOC_0068,PERSON_00445,patrol note
SIGHT_00423,VEH_0193,2025-07-08,LOC_0075,PERSON_00008,CCTV summary
SIGHT_00424,VEH_0194,2021-04-02,LOC_0082,PERSON_00021,patrol note
SIGHT_00425,VEH_0195,2025-03-30,LOC_0089,PERSON_00095,patrol note
SIGHT_00426,VEH_0196,2026-05-12,LOC_0096,PERSON_00034,CCTV summary
SIGHT_00427,VEH_0197,2021-09-03,LOC_0103,PERSON_00047,toll camera
SIGHT_00428,VEH_0198,2022-02-20,LOC_0110,PERSON_00060,parking record
SIGHT_00429,VEH_0199,2024-11-22,LOC_0117,PERSON_00219,CCTV summary
SIGHT_00430,VEH_0200,2022-06-28,LOC_0004,PERSON_00086,CCTV summary
SIGHT_00431,VEH_0201,2025-11-17,LOC_0011,PERSON_00099,parking record
SIGHT_00432,VEH_0202,2024-08-25,LOC_0018,PERSON_00112,parking record
SIGHT_00433,VEH_0203,2024-09-11,LOC_0025,PERSON_00343,CCTV summary
SIGHT_00434,VEH_0204,2022-05-21,LOC_0032,PERSON_00125,toll camera
SIGHT_00435,VEH_0205,2023-12-05,LOC_0039,PERSON_00138,CCTV summary
SIGHT_00436,VEH_0206,2021-01-18,LOC_0046,PERSON_00151,CCTV summary
SIGHT_00437,VEH_0207,2022-07-19,LOC_0053,PERSON_00017,toll camera
SIGHT_00438,VEH_0208,2025-08-11,LOC_0060,PERSON_00177,toll camera
SIGHT_00439,VEH_0209,2021-03-30,LOC_0067,PERSON_00190,toll camera
SIGHT_00440,VEH_0210,2025-06-29,LOC_0074,PERSON_00203,parking record
SIGHT_00441,VEH_0211,2021-06-25,LOC_0081,PERSON_00141,parking record
SIGHT_00442,VEH_0212,2025-03-30,LOC_0088,PERSON_00216,CCTV summary
SIGHT_00443,VEH_0213,2025-03-13,LOC_0095,PERSON_00229,parking record
SIGHT_00444,VEH_0214,2026-03-27,LOC_0102,PERSON_00242,parking record
SIGHT_00445,VEH_0215,2022-01-04,LOC_0109,PERSON_00265,toll camera
SIGHT_00446,VEH_0216,2022-01-18,LOC_0116,PERSON_00268,patrol note
SIGHT_00447,VEH_0217,2021-07-04,LOC_0003,PERSON_00281,parking record
SIGHT_00448,VEH_0218,2025-01-06,LOC_0010,PERSON_00294,CCTV summary
SIGHT_00449,VEH_0219,2026-02-26,LOC_0017,PERSON_00389,patrol note
SIGHT_00450,VEH_0220,2022-12-08,LOC_0024,PERSON_00307,patrol note
SIGHT_00451,VEH_0221,2022-11-19,LOC_0031,PERSON_00320,toll camera
SIGHT_00452,VEH_0222,2022-06-13,LOC_0038,PERSON_00333,patrol note
SIGHT_00453,VEH_0223,2026-02-12,LOC_0045,PERSON_00063,patrol note
SIGHT_00454,VEH_0224,2022-11-22,LOC_0052,PERSON_00359,patrol note
SIGHT_00455,VEH_0225,2021-05-31,LOC_0059,PERSON_00372,toll camera
SIGHT_00456,VEH_0226,2022-09-30,LOC_0066,PERSON_00385,parking record
SIGHT_00457,VEH_0227,2022-05-26,LOC_0073,PERSON_00187,patrol note
SIGHT_00458,VEH_0228,2025-09-28,LOC_0080,PERSON_00398,patrol note
SIGHT_00459,VEH_0229,2025-04-14,LOC_0087,PERSON_00411,CCTV summary
SIGHT_00460,VEH_0230,2025-09-07,LOC_0094,PERSON_00424,CCTV summary
SIGHT_00461,VEH_0001,2026-04-05,LOC_0101,PERSON_00311,patrol note
SIGHT_00462,VEH_0002,2021-07-19,LOC_0108,PERSON_00450,CCTV summary
SIGHT_00463,VEH_0003,2026-04-30,LOC_0115,PERSON_00013,patrol note
SIGHT_00464,VEH_0004,2025-08-03,LOC_0002,PERSON_00026,parking record
SIGHT_00465,VEH_0005,2025-02-28,LOC_0009,PERSON_00435,patrol note
SIGHT_00466,VEH_0006,2022-04-25,LOC_0016,PERSON_00039,CCTV summary
SIGHT_00467,VEH_0007,2026-03-12,LOC_0023,PERSON_00052,patrol note
SIGHT_00468,VEH_0008,2024-11-18,LOC_0030,PERSON_00065,parking record
SIGHT_00469,VEH_0009,2026-04-21,LOC_0037,PERSON_00109,CCTV summary
SIGHT_00470,VEH_0010,2024-05-03,LOC_0044,PERSON_00091,parking record
SIGHT_00471,VEH_0011,2021-10-24,LOC_0051,PERSON_00104,parking record
SIGHT_00472,VEH_0012,2026-06-15,LOC_0058,PERSON_00117,CCTV summary
SIGHT_00473,VEH_0013,2024-08-02,LOC_0065,PERSON_00233,CCTV summary
SIGHT_00474,VEH_0014,2021-06-25,LOC_0072,PERSON_00130,CCTV summary
SIGHT_00475,VEH_0015,2023-11-17,LOC_0079,PERSON_00143,toll camera
SIGHT_00476,VEH_0016,2023-01-22,LOC_0086,PERSON_00156,CCTV summary
SIGHT_00477,VEH_0017,2026-01-03,LOC_0093,PERSON_00357,parking record
SIGHT_00478,VEH_0018,2026-01-19,LOC_0100,PERSON_00182,parking record
SIGHT_00479,VEH_0019,2022-04-07,LOC_0107,PERSON_00195,patrol note
SIGHT_00480,VEH_0020,2024-01-11,LOC_0114,PERSON_00208,parking record
SIGHT_00481,VEH_0021,2025-06-14,LOC_0001,PERSON_00031,parking record
SIGHT_00482,VEH_0022,2025-10-11,LOC_0008,PERSON_00221,patrol note
SIGHT_00483,VEH_0023,2025-10-03,LOC_0015,PERSON_00234,parking record
SIGHT_00484,VEH_0024,2023-03-25,LOC_0022,PERSON_00247,CCTV summary
SIGHT_00485,VEH_0025,2023-02-11,LOC_0029,PERSON_00155,toll camera
SIGHT_00486,VEH_0026,2025-09-12,LOC_0036,PERSON_00273,toll camera
SIGHT_00487,VEH_0027,2021-11-28,LOC_0043,PERSON_00286,CCTV summary
SIGHT_00488,VEH_0028,2021-11-25,LOC_0050,PERSON_00299,toll camera
SIGHT_00489,VEH_0029,2025-11-30,LOC_0057,PERSON_00279,toll camera
SIGHT_00490,VEH_0030,2024-01-28,LOC_0064,PERSON_00312,CCTV summary
SIGHT_00491,VEH_0031,2026-06-30,LOC_0071,PERSON_00325,parking record
SIGHT_00492,VEH_0032,2021-04-26,LOC_0078,PERSON_00338,CCTV summary
SIGHT_00493,VEH_0033,2026-02-06,LOC_0085,PERSON_00403,toll camera
SIGHT_00494,VEH_0034,2024-02-10,LOC_0092,PERSON_00364,toll camera
SIGHT_00495,VEH_0035,2025-12-06,LOC_0099,PERSON_00377,parking record
SIGHT_00496,VEH_0036,2021-06-05,LOC_0106,PERSON_00390,toll camera
SIGHT_00497,VEH_0037,2023-07-08,LOC_0113,PERSON_00077,parking record
SIGHT_00498,VEH_0038,2024-11-17,LOC_0120,PERSON_00403,patrol note
SIGHT_00499,VEH_0039,2023-03-29,LOC_0007,PERSON_00416,patrol note
SIGHT_00500,VEH_0040,2025-04-27,LOC_0014,PERSON_00429,toll camera
SIGHT_00501,VEH_0041,2024-02-15,LOC_0021,PERSON_00201,toll camera
SIGHT_00502,VEH_0042,2026-06-15,LOC_0028,PERSON_00005,parking record
SIGHT_00503,VEH_0043,2023-09-16,LOC_0035,PERSON_00018,toll camera
SIGHT_00504,VEH_0044,2023-02-20,LOC_0042,PERSON_00031,parking record
SIGHT_00505,VEH_0045,2024-03-16,LOC_0049,PERSON_00325,toll camera
SIGHT_00506,VEH_0046,2021-11-15,LOC_0056,PERSON_00044,patrol note
SIGHT_00507,VEH_0047,2022-02-15,LOC_0063,PERSON_00057,CCTV summary
SIGHT_00508,VEH_0048,2025-05-16,LOC_0070,PERSON_00070,toll camera
SIGHT_00509,VEH_0049,2024-11-05,LOC_0077,PERSON_00449,CCTV summary
SIGHT_00510,VEH_0050,2026-04-12,LOC_0084,PERSON_00096,patrol note
SIGHT_00511,VEH_0051,2022-11-26,LOC_0091,PERSON_00109,toll camera
SIGHT_00512,VEH_0052,2021-08-15,LOC_0098,PERSON_00122,parking record
SIGHT_00513,VEH_0053,2025-09-14,LOC_0105,PERSON_00123,toll camera
SIGHT_00514,VEH_0054,2021-08-28,LOC_0112,PERSON_00135,patrol note
SIGHT_00515,VEH_0055,2026-06-22,LOC_0119,PERSON_00148,toll camera
SIGHT_00516,VEH_0056,2021-01-15,LOC_0006,PERSON_00161,parking record
SIGHT_00517,VEH_0057,2021-02-28,LOC_0013,PERSON_00247,CCTV summary
SIGHT_00518,VEH_0058,2021-05-13,LOC_0020,PERSON_00187,CCTV summary
SIGHT_00519,VEH_0059,2025-03-04,LOC_0027,PERSON_00200,toll camera
SIGHT_00520,VEH_0060,2022-10-17,LOC_0034,PERSON_00213,patrol note
SIGHT_00521,VEH_0061,2022-09-23,LOC_0041,PERSON_00371,patrol note
SIGHT_00522,VEH_0062,2022-02-03,LOC_0048,PERSON_00226,parking record
SIGHT_00523,VEH_0063,2022-11-12,LOC_0055,PERSON_00239,parking record
SIGHT_00524,VEH_0064,2023-08-04,LOC_0062,PERSON_00252,parking record
SIGHT_00525,VEH_0065,2022-01-16,LOC_0069,PERSON_00045,CCTV summary
SIGHT_00526,VEH_0066,2021-06-14,LOC_0076,PERSON_00278,toll camera
SIGHT_00527,VEH_0067,2021-01-02,LOC_0083,PERSON_00001,patrol note
SIGHT_00528,VEH_0068,2024-04-09,LOC_0090,PERSON_00034,patrol note
SIGHT_00529,VEH_0069,2026-01-23,LOC_0097,PERSON_00169,patrol note
SIGHT_00530,VEH_0070,2021-12-28,LOC_0104,PERSON_00027,toll camera
SIGHT_00531,VEH_0071,2024-04-28,LOC_0111,PERSON_00040,patrol note
SIGHT_00532,VEH_0072,2025-06-07,LOC_0118,PERSON_00053,CCTV summary
SIGHT_00533,VEH_0073,2023-10-22,LOC_0005,PERSON_00293,CCTV summary
SIGHT_00534,VEH_0074,2021-09-15,LOC_0012,PERSON_00079,parking record
SIGHT_00535,VEH_0075,2025-12-05,LOC_0019,PERSON_00092,toll camera
SIGHT_00536,VEH_0076,2021-05-09,LOC_0026,PERSON_00167,parking record
SIGHT_00537,VEH_0077,2021-11-13,LOC_0033,PERSON_00417,toll camera
SIGHT_00538,VEH_0078,2022-02-01,LOC_0040,PERSON_00118,parking record
SIGHT_00539,VEH_0079,2026-01-24,LOC_0047,PERSON_00131,CCTV summary
SIGHT_00540,VEH_0080,2024-02-05,LOC_0054,PERSON_00144,CCTV summary
SIGHT_00541,VEH_0081,2025-03-05,LOC_0061,PERSON_00091,CCTV summary
SIGHT_00542,VEH_0082,2021-06-14,LOC_0068,PERSON_00170,CCTV summary
SIGHT_00543,VEH_0083,2021-01-20,LOC_0075,PERSON_00183,parking record
SIGHT_00544,VEH_0084,2025-10-28,LOC_0082,PERSON_00300,parking record
SIGHT_00545,VEH_0085,2021-09-06,LOC_0089,PERSON_00215,toll camera
SIGHT_00546,VEH_0086,2022-12-25,LOC_0096,PERSON_00209,patrol note
SIGHT_00547,VEH_0087,2025-12-04,LOC_0103,PERSON_00222,toll camera
SIGHT_00548,VEH_0088,2022-02-23,LOC_0110,PERSON_00235,CCTV summary
SIGHT_00549,VEH_0089,2022-03-22,LOC_0117,PERSON_00339,patrol note
SIGHT_00550,VEH_0090,2024-07-04,LOC_0004,PERSON_00261,patrol note
SIGHT_00551,VEH_0091,2023-10-11,LOC_0011,PERSON_00274,CCTV summary
SIGHT_00552,VEH_0092,2025-04-14,LOC_0018,PERSON_00433,patrol note
SIGHT_00553,VEH_0093,2024-10-23,LOC_0025,PERSON_00013,parking record
SIGHT_00554,VEH_0094,2023-06-04,LOC_0032,PERSON_00300,CCTV summary
SIGHT_00555,VEH_0095,2025-03-30,LOC_0039,PERSON_00313,parking record
SIGHT_00556,VEH_0096,2021-01-24,LOC_0046,PERSON_00326,toll camera
SIGHT_00557,VEH_0097,2023-12-26,LOC_0053,PERSON_00137,parking record
SIGHT_00558,VEH_0098,2021-06-17,LOC_0060,PERSON_00352,parking record
SIGHT_00559,VEH_0099,2022-09-01,LOC_0067,PERSON_00365,CCTV summary
SIGHT_00560,VEH_0100,2023-03-13,LOC_0074,PERSON_00116,CCTV summary
SIGHT_00561,VEH_0101,2024-01-18,LOC_0081,PERSON_00261,toll camera
SIGHT_00562,VEH_0102,2025-06-08,LOC_0088,PERSON_00391,parking record
SIGHT_00563,VEH_0103,2024-09-01,LOC_0095,PERSON_00404,CCTV summary
SIGHT_00564,VEH_0104,2026-05-03,LOC_0102,PERSON_00417,CCTV summary
SIGHT_00565,VEH_0105,2021-09-20,LOC_0109,PERSON_00385,patrol note
SIGHT_00566,VEH_0106,2021-05-03,LOC_0116,PERSON_00443,patrol note
SIGHT_00567,VEH_0107,2024-08-25,LOC_0003,PERSON_00006,parking record
SIGHT_00568,VEH_0108,2024-08-14,LOC_0010,PERSON_00249,toll camera
SIGHT_00569,VEH_0109,2025-09-11,LOC_0017,PERSON_00059,patrol note
SIGHT_00570,VEH_0110,2025-08-23,LOC_0024,PERSON_00032,toll camera
SIGHT_00571,VEH_0111,2025-09-06,LOC_0031,PERSON_00045,patrol note
SIGHT_00572,VEH_0112,2023-01-07,LOC_0038,PERSON_00058,parking record
SIGHT_00573,VEH_0113,2025-11-29,LOC_0045,PERSON_00183,patrol note
SIGHT_00574,VEH_0114,2025-05-16,LOC_0052,PERSON_00084,parking record
SIGHT_00575,VEH_0115,2024-04-23,LOC_0059,PERSON_00097,patrol note
SIGHT_00576,VEH_0116,2022-08-22,LOC_0066,PERSON_00382,toll camera
SIGHT_00577,VEH_0117,2025-03-06,LOC_0073,PERSON_00307,CCTV summary
SIGHT_00578,VEH_0118,2021-11-08,LOC_0080,PERSON_00123,toll camera
SIGHT_00579,VEH_0119,2021-05-10,LOC_0087,PERSON_00136,toll camera
SIGHT_00580,VEH_0120,2023-05-03,LOC_0094,PERSON_00149,patrol note
SIGHT_00581,VEH_0121,2025-05-04,LOC_0101,PERSON_00431,CCTV summary
SIGHT_00582,VEH_0122,2023-04-07,LOC_0108,PERSON_00175,patrol note
SIGHT_00583,VEH_0123,2023-01-23,LOC_0115,PERSON_00188,toll camera
SIGHT_00584,VEH_0124,2021-06-07,LOC_0002,PERSON_00065,parking record
SIGHT_00585,VEH_0125,2022-11-30,LOC_0009,PERSON_00105,parking record
SIGHT_00586,VEH_0126,2025-01-30,LOC_0016,PERSON_00214,patrol note
SIGHT_00587,VEH_0127,2024-08-20,LOC_0023,PERSON_00227,patrol note
SIGHT_00588,VEH_0128,2023-09-05,LOC_0030,PERSON_00240,patrol note
SIGHT_00589,VEH_0129,2021-11-18,LOC_0037,PERSON_00229,parking record
SIGHT_00590,VEH_0130,2021-04-18,LOC_0044,PERSON_00266,patrol note
SIGHT_00591,VEH_0131,2025-10-10,LOC_0051,PERSON_00279,parking record
SIGHT_00592,VEH_0132,2023-05-27,LOC_0058,PERSON_00198,toll camera
SIGHT_00593,VEH_0133,2021-10-18,LOC_0065,PERSON_00353,CCTV summary
SIGHT_00594,VEH_0134,2023-08-05,LOC_0072,PERSON_00305,toll camera
SIGHT_00595,VEH_0135,2023-08-27,LOC_0079,PERSON_00318,CCTV summary
SIGHT_00596,VEH_0136,2025-04-06,LOC_0086,PERSON_00331,patrol note
SIGHT_00597,VEH_0137,2026-01-07,LOC_0093,PERSON_00027,toll camera
SIGHT_00598,VEH_0138,2024-01-20,LOC_0100,PERSON_00357,parking record
SIGHT_00599,VEH_0139,2024-05-11,LOC_0107,PERSON_00370,parking record
SIGHT_00600,VEH_0140,2023-08-16,LOC_0114,PERSON_00331,toll camera
SIGHT_00601,VEH_0141,2025-09-20,LOC_0001,PERSON_00151,toll camera
SIGHT_00602,VEH_0142,2025-06-15,LOC_0008,PERSON_00396,patrol note
SIGHT_00603,VEH_0143,2024-03-10,LOC_0015,PERSON_00409,parking record
SIGHT_00604,VEH_0144,2025-06-05,LOC_0022,PERSON_00422,patrol note
SIGHT_00605,VEH_0145,2022-01-20,LOC_0029,PERSON_00275,toll camera
SIGHT_00606,VEH_0146,2022-02-06,LOC_0036,PERSON_00448,toll camera
SIGHT_00607,VEH_0147,2026-03-30,LOC_0043,PERSON_00011,toll camera
SIGHT_00608,VEH_0148,2021-12-01,LOC_0050,PERSON_00014,toll camera
SIGHT_00609,VEH_0149,2025-12-29,LOC_0057,PERSON_00399,patrol note
SIGHT_00610,VEH_0150,2025-10-21,LOC_0064,PERSON_00037,parking record
SIGHT_00611,VEH_0151,2026-04-07,LOC_0071,PERSON_00050,parking record
SIGHT_00612,VEH_0152,2026-03-31,LOC_0078,PERSON_00063,patrol note
SIGHT_00613,VEH_0153,2021-12-05,LOC_0085,PERSON_00073,parking record
SIGHT_00614,VEH_0154,2023-07-24,LOC_0092,PERSON_00089,parking record
SIGHT_00615,VEH_0155,2025-04-07,LOC_0099,PERSON_00102,parking record
SIGHT_00616,VEH_0156,2026-02-06,LOC_0106,PERSON_00147,patrol note
SIGHT_00617,VEH_0157,2021-08-05,LOC_0113,PERSON_00197,CCTV summary
SIGHT_00618,VEH_0158,2026-05-04,LOC_0120,PERSON_00128,patrol note
SIGHT_00619,VEH_0159,2023-01-28,LOC_0007,PERSON_00141,CCTV summary
SIGHT_00620,VEH_0160,2022-06-20,LOC_0014,PERSON_00154,toll camera
SIGHT_00621,VEH_0161,2022-12-09,LOC_0021,PERSON_00321,patrol note
SIGHT_00622,VEH_0162,2021-09-22,LOC_0028,PERSON_00180,parking record
SIGHT_00623,VEH_0163,2021-08-03,LOC_0035,PERSON_00193,toll camera
SIGHT_00624,VEH_0164,2023-12-01,LOC_0042,PERSON_00280,patrol note
SIGHT_00625,VEH_0165,2024-01-31,LOC_0049,PERSON_00445,CCTV summary
SIGHT_00626,VEH_0166,2025-02-24,LOC_0056,PERSON_00219,CCTV summary
SIGHT_00627,VEH_0167,2021-08-13,LOC_0063,PERSON_00232,CCTV summary
SIGHT_00628,VEH_0168,2025-11-26,LOC_0070,PERSON_00245,parking record
SIGHT_00629,VEH_0169,2025-01-23,LOC_0077,PERSON_00119,CCTV summary
SIGHT_00630,VEH_0170,2026-01-01,LOC_0084,PERSON_00271,patrol note
SIGHT_00631,VEH_0171,2022-10-02,LOC_0091,PERSON_00284,CCTV summary
SIGHT_00632,VEH_0172,2024-01-11,LOC_0098,PERSON_00413,CCTV summary
SIGHT_00633,VEH_0173,2025-12-14,LOC_0105,PERSON_00243,CCTV summary
SIGHT_00634,VEH_0174,2026-02-17,LOC_0112,PERSON_00310,CCTV summary
SIGHT_00635,VEH_0175,2021-11-19,LOC_0119,PERSON_00323,CCTV summary
SIGHT_00636,VEH_0176,2021-06-23,LOC_0006,PERSON_00336,toll camera
SIGHT_00637,VEH_0177,2021-01-08,LOC_0013,PERSON_00367,parking record
SIGHT_00638,VEH_0178,2025-05-13,LOC_0020,PERSON_00362,patrol note
SIGHT_00639,VEH_0179,2021-08-24,LOC_0027,PERSON_00375,parking record
SIGHT_00640,VEH_0180,2022-05-05,LOC_0034,PERSON_00096,CCTV summary
SIGHT_00641,VEH_0181,2021-03-05,LOC_0041,PERSON_00041,toll camera
SIGHT_00642,VEH_0182,2022-09-10,LOC_0048,PERSON_00401,CCTV summary
SIGHT_00643,VEH_0183,2024-04-26,LOC_0055,PERSON_00414,patrol note
SIGHT_00644,VEH_0184,2021-03-01,LOC_0062,PERSON_00427,patrol note
SIGHT_00645,VEH_0185,2023-09-15,LOC_0069,PERSON_00165,toll camera
SIGHT_00646,VEH_0186,2023-07-04,LOC_0076,PERSON_00003,parking record
SIGHT_00647,VEH_0187,2026-03-19,LOC_0083,PERSON_00016,patrol note
SIGHT_00648,VEH_0188,2023-03-07,LOC_0090,PERSON_00229,CCTV summary
SIGHT_00649,VEH_0189,2025-05-17,LOC_0097,PERSON_00289,parking record
SIGHT_00650,VEH_0190,2025-12-04,LOC_0104,PERSON_00042,CCTV summary
SIGHT_00651,VEH_0191,2022-10-28,LOC_0111,PERSON_00055,patrol note
SIGHT_00652,VEH_0192,2025-07-09,LOC_0118,PERSON_00068,toll camera
SIGHT_00653,VEH_0193,2025-01-09,LOC_0005,PERSON_00413,patrol note
SIGHT_00654,VEH_0194,2024-03-01,LOC_0012,PERSON_00094,parking record
SIGHT_00655,VEH_0195,2021-07-26,LOC_0019,PERSON_00107,parking record
SIGHT_00656,VEH_0196,2024-08-16,LOC_0026,PERSON_00362,patrol note
SIGHT_00657,VEH_0197,2025-06-15,LOC_0033,PERSON_00087,parking record
SIGHT_00658,VEH_0198,2024-12-05,LOC_0040,PERSON_00133,patrol note
SIGHT_00659,VEH_0199,2024-01-03,LOC_0047,PERSON_00146,patrol note
SIGHT_00660,VEH_0200,2023-05-28,LOC_0054,PERSON_00159,patrol note
SIGHT_00661,VEH_0201,2023-11-23,LOC_0061,PERSON_00211,toll camera
SIGHT_00662,VEH_0202,2024-12-22,LOC_0068,PERSON_00185,CCTV summary
SIGHT_00663,VEH_0203,2025-06-12,LOC_0075,PERSON_00198,CCTV summary
SIGHT_00664,VEH_0204,2025-10-28,LOC_0082,PERSON_00045,patrol note
SIGHT_00665,VEH_0205,2024-12-05,LOC_0089,PERSON_00335,patrol note
SIGHT_00666,VEH_0206,2024-11-23,LOC_0096,PERSON_00224,toll camera
SIGHT_00667,VEH_0207,2026-04-04,LOC_0103,PERSON_00237,parking record
SIGHT_00668,VEH_0208,2024-02-26,LOC_0110,PERSON_00250,CCTV summary
SIGHT_00669,VEH_0209,2023-11-18,LOC_0117,PERSON_00009,parking record
SIGHT_00670,VEH_0210,2024-04-16,LOC_0004,PERSON_00276,parking record
SIGHT_00671,VEH_0211,2022-07-13,LOC_0011,PERSON_00289,parking record
SIGHT_00672,VEH_0212,2022-10-17,LOC_0018,PERSON_00178,patrol note
SIGHT_00673,VEH_0213,2026-05-08,LOC_0025,PERSON_00133,patrol note
SIGHT_00674,VEH_0214,2024-02-26,LOC_0032,PERSON_00315,patrol note
SIGHT_00675,VEH_0215,2023-01-20,LOC_0039,PERSON_00328,CCTV summary
SIGHT_00676,VEH_0216,2023-02-17,LOC_0046,PERSON_00341,patrol note
SIGHT_00677,VEH_0217,2023-01-27,LOC_0053,PERSON_00257,toll camera
SIGHT_00678,VEH_0218,2023-08-05,LOC_0060,PERSON_00367,toll camera
SIGHT_00679,VEH_0219,2022-08-17,LOC_0067,PERSON_00380,parking record
SIGHT_00680,VEH_0220,2026-05-21,LOC_0074,PERSON_00311,parking record
SIGHT_00681,VEH_0221,2024-02-26,LOC_0081,PERSON_00381,patrol note
SIGHT_00682,VEH_0222,2025-11-03,LOC_0088,PERSON_00406,CCTV summary
SIGHT_00683,VEH_0223,2025-10-12,LOC_0095,PERSON_00419,patrol note
SIGHT_00684,VEH_0224,2021-10-01,LOC_0102,PERSON_00432,parking record
SIGHT_00685,VEH_0225,2026-01-17,LOC_0109,PERSON_00055,parking record
SIGHT_00686,VEH_0226,2024-11-28,LOC_0116,PERSON_00008,toll camera
SIGHT_00687,VEH_0227,2024-12-01,LOC_0003,PERSON_00021,toll camera
SIGHT_00688,VEH_0228,2025-05-23,LOC_0010,PERSON_00444,CCTV summary
SIGHT_00689,VEH_0229,2021-06-24,LOC_0017,PERSON_00179,patrol note
SIGHT_00690,VEH_0230,2023-07-19,LOC_0024,PERSON_00047,toll camera
SIGHT_00691,VEH_0001,2023-02-16,LOC_0031,PERSON_00060,patrol note
SIGHT_00692,VEH_0002,2025-06-07,LOC_0038,PERSON_00073,patrol note
SIGHT_00693,VEH_0003,2022-07-15,LOC_0045,PERSON_00303,patrol note
SIGHT_00694,VEH_0004,2022-04-23,LOC_0052,PERSON_00099,patrol note
SIGHT_00695,VEH_0005,2022-09-17,LOC_0059,PERSON_00112,patrol note
SIGHT_00696,VEH_0006,2022-07-06,LOC_0066,PERSON_00127,toll camera
SIGHT_00697,VEH_0007,2025-10-04,LOC_0073,PERSON_00427,CCTV summary
SIGHT_00698,VEH_0008,2022-08-03,LOC_0080,PERSON_00138,toll camera
SIGHT_00699,VEH_0009,2026-02-09,LOC_0087,PERSON_00151,parking record
SIGHT_00700,VEH_0010,2025-09-02,LOC_0094,PERSON_00164,parking record
